date,true_return,pred_return,split
2020-01-02,-0.0036563112031104,-6.686126476773854e-06,val
2020-01-03,-0.0041181794996439,-6.686126476773854e-06,val
2020-01-06,0.0042075170616814,-6.686126476773854e-06,val
2020-01-07,-0.0019672723862375,-6.686126476773854e-06,val
2020-01-08,-0.0051151006667704,-6.686126476773854e-06,val
2020-01-09,-0.0004499437646212,-6.686126476773854e-06,val
2020-01-10,-0.001711635028934,-6.686126476773854e-06,val
2020-01-13,0.0031507430304969,-6.686126476773854e-06,val
2020-01-14,-0.0009891642369416,-6.686126476773854e-06,val
2020-01-15,0.002426204182464,-6.686126476773854e-06,val
2020-01-16,0.0024203319600656,-6.686126476773854e-06,val
2020-01-17,-0.0054765141141364,-6.686126476773854e-06,val
2020-01-20,-0.0020727263762782,-6.686126476773854e-06,val
2020-01-21,0.002702704347885,-6.686126476773854e-06,val
2020-01-22,-0.0024321049686124,-6.686126476773854e-06,val
2020-01-23,0.0002705261750571,-6.686126476773854e-06,val
2020-01-24,-0.0050619289139049,-6.686126476773854e-06,val
2020-01-27,-0.0009066183757899,-6.686126476773854e-06,val
2020-01-28,-0.0018157063544847,-6.686126476773854e-06,val
2020-01-29,-0.0003635372211262,-6.686126476773854e-06,val
2020-01-30,0.002541989566711,-8.489878784239323e-06,val
2020-01-31,0.0020832397371601,-8.489878784239323e-06,val
2020-02-03,0.0012659374147479,-8.489878784239323e-06,val
2020-02-04,-0.0016279283689269,-8.489878784239323e-06,val
2020-02-05,-0.0022654171258125,-8.489878784239323e-06,val
2020-02-06,-0.0018160360934027,-8.489878784239323e-06,val
2020-02-07,-0.0030948504585786,-8.489878784239323e-06,val
2020-02-10,-0.0016423361355749,-8.489878784239323e-06,val
2020-02-11,-0.0045762481474004,-8.489878784239323e-06,val
2020-02-12,0.0011918406178185,-8.489878784239323e-06,val
2020-02-13,-0.0043156946833256,-8.489878784239323e-06,val
2020-02-14,-0.002303193242568,-8.489878784239323e-06,val
2020-02-17,-0.0006458458498242,-8.489878784239323e-06,val
2020-02-18,-0.0017551156877141,-8.489878784239323e-06,val
2020-02-19,-0.0014803851704341,-8.489878784239323e-06,val
2020-02-20,-0.0009263548601307,-8.489878784239323e-06,val
2020-02-21,0.0010189431662939,-8.489878784239323e-06,val
2020-02-24,0.0015726910128981,-8.489878784239323e-06,val
2020-02-25,0.002031582562265,-8.489878784239323e-06,val
2020-02-26,0.0032235809632475,-8.489878784239323e-06,val
2020-02-27,0.0081506014657916,-1.0427147969332174e-05,val
2020-02-28,0.0011849962646399,-1.0427147969332174e-05,val
2020-03-02,0.0131229540601929,-1.0427147969332174e-05,val
2020-03-03,-0.0004496605138944,-1.0427147969332174e-05,val
2020-03-04,0.000719359800826,-1.0427147969332174e-05,val
2020-03-05,0.0055575618124895,-1.0427147969332174e-05,val
2020-03-06,0.0132311125235857,-1.0427147969332174e-05,val
2020-03-09,0.0105301078299105,-1.0427147969332174e-05,val
2020-03-10,-0.005777832759199,-1.0427147969332174e-05,val
2020-03-11,-0.0047522750707114,-1.0427147969332174e-05,val
2020-03-12,-0.0085046579228341,-1.0427147969332174e-05,val
2020-03-13,-0.0121734407010963,-1.0427147969332174e-05,val
2020-03-16,0.0047616998465938,-1.0427147969332174e-05,val
2020-03-17,-0.0158095347543617,-1.0427147969332174e-05,val
2020-03-18,-0.0043803683838734,-1.0427147969332174e-05,val
2020-03-19,-0.0122384780364703,-1.0427147969332174e-05,val
2020-03-20,-0.0087409892602041,-1.0427147969332174e-05,val
2020-03-23,0.0070730867238024,-1.0427147969332174e-05,val
2020-03-24,0.0055488905901095,-1.0427147969332174e-05,val
2020-03-25,-0.0014766961612836,-1.0427147969332174e-05,val
2020-03-26,0.014123492286815,-1.2723492522372252e-05,val
2020-03-27,-0.0003643319103968,-1.2723492522372252e-05,val
2020-03-30,0.0051792401450595,-1.2723492522372252e-05,val
2020-03-31,-0.0070941634494073,-1.2723492522372252e-05,val
2020-04-01,-0.0018271519791832,-1.2723492522372252e-05,val
2020-04-02,-0.0027470029177785,-1.2723492522372252e-05,val
2020-04-03,-0.0111568166627501,-1.2723492522372252e-05,val
2020-04-06,0.0005561735404768,-1.2723492522372252e-05,val
2020-04-07,0.0086732413049142,-1.2723492522372252e-05,val
2020-04-08,-0.0012870014646474,-1.2723492522372252e-05,val
2020-04-09,-0.0003680191411487,-1.2723492522372252e-05,val
2020-04-14,0.0087952926116883,-1.2723492522372252e-05,val
2020-04-15,-0.0054879859681582,-1.2723492522372252e-05,val
2020-04-16,-0.0013767153750797,-1.2723492522372252e-05,val
2020-04-17,-0.0025749508433755,-1.2723492522372252e-05,val
2020-04-20,0.0,-1.2723492522372252e-05,val
2020-04-21,-0.0021201095649311,-1.2723492522372252e-05,val
2020-04-22,0.0027644691398562,-1.2723492522372252e-05,val
2020-04-23,-0.008780499131362,-1.2723492522372252e-05,val
2020-04-24,0.0025959591808217,-1.2723492522372252e-05,val
2020-04-27,0.004803260666511,-1.2733508154518093e-05,val
2020-04-28,0.0023010733150278,-1.2733508154518093e-05,val
2020-04-29,-0.0032229872735666,-1.2733508154518093e-05,val
2020-04-30,0.0031310459320777,-1.2733508154518093e-05,val
2020-05-04,0.0060500688714101,-1.2733508154518093e-05,val
2020-05-05,-0.0090888851515892,-1.2733508154518093e-05,val
2020-05-06,-0.0033256381690163,-1.2733508154518093e-05,val
2020-05-07,-0.0022232524210931,-1.2733508154518093e-05,val
2020-05-08,0.0055488905901095,-1.2733508154518093e-05,val
2020-05-11,-0.0017538196215579,-1.2733508154518093e-05,val
2020-05-12,0.0031362446147724,-1.2733508154518093e-05,val
2020-05-13,0.0015644414914883,-1.2733508154518093e-05,val
2020-05-14,-0.007661458069293,-1.2733508154518093e-05,val
2020-05-15,0.0005558128906405,-1.2733508154518093e-05,val
2020-05-18,0.0031437843738238,-1.2733508154518093e-05,val
2020-05-19,0.0108347400925906,-1.2733508154518093e-05,val
2020-05-20,0.0007303268537143,-1.2733508154518093e-05,val
2020-05-21,0.0038254896821465,-1.2733508154518093e-05,val
2020-05-22,-0.0087655784041391,-1.2733508154518093e-05,val
2020-05-25,0.0005501054507479,-1.2733508154518093e-05,val
2020-05-26,0.0059401591162554,-1.253207579046699e-05,val
2020-05-27,0.0014567971255282,-1.253207579046699e-05,val
2020-05-28,0.0022720053395902,-1.253207579046699e-05,val
2020-05-29,0.0108343421657101,-1.253207579046699e-05,val
2020-06-01,-0.0017975917118065,-1.253207579046699e-05,val
2020-06-02,0.0052041391566997,-1.253207579046699e-05,val
2020-06-03,0.0017882694322107,-1.253207579046699e-05,val
2020-06-04,0.0049902081812613,-1.253207579046699e-05,val
2020-06-05,0.0070859463894857,-1.253207579046699e-05,val
2020-06-08,-0.0039796647704159,-1.253207579046699e-05,val
2020-06-09,0.0007972009811457,-1.253207579046699e-05,val
2020-06-10,0.0071463535863692,-1.253207579046699e-05,val
2020-06-11,-0.002376447890409,-1.253207579046699e-05,val
2020-06-12,-0.0038848715643785,-1.253207579046699e-05,val
2020-06-15,-0.0045218856143664,-1.253207579046699e-05,val
2020-06-16,0.0048756800634839,-1.253207579046699e-05,val
2020-06-17,-0.0067435925478886,-1.253207579046699e-05,val
2020-06-18,-0.0008907099546749,-1.253207579046699e-05,val
2020-06-19,-0.0010699002447117,-1.253207579046699e-05,val
2020-06-22,0.000267582394675,-1.253207579046699e-05,val
2020-06-23,0.0093205592415884,-7.025322627016724e-06,val
2020-06-24,-0.0033631326504193,-7.025322627016724e-06,val
2020-06-25,-0.0071174677688637,-7.025322627016724e-06,val
2020-06-26,0.0011600411776946,-7.025322627016724e-06,val
2020-06-29,0.0063119736610062,-7.025322627016724e-06,val
2020-06-30,-0.0076506022130484,-7.025322627016724e-06,val
2020-07-01,0.0001785873743474,-7.025322627016724e-06,val
2020-07-02,0.0076492412458994,-7.025322627016724e-06,val
2020-07-03,-0.0055086767467884,-7.025322627016724e-06,val
2020-07-06,0.0089583285689378,-7.025322627016724e-06,val
2020-07-07,-0.0030952932075271,-7.025322627016724e-06,val
2020-07-08,-0.0003543586146222,-7.025322627016724e-06,val
2020-07-09,0.004949630044888,-7.025322627016724e-06,val
2020-07-10,-0.0058360763399702,-7.025322627016724e-06,val
2020-07-13,0.0046892366394854,-7.025322627016724e-06,val
2020-07-14,0.0040521549456624,-7.025322627016724e-06,val
2020-07-15,0.0060476103508497,-7.025322627016724e-06,val
2020-07-16,-0.0026249030733476,-7.025322627016724e-06,val
2020-07-17,0.0012258122540104,-7.025322627016724e-06,val
2020-07-20,0.0017485578856231,-7.025322627016724e-06,val
2020-07-21,-0.000436852918572,-3.242706199101509e-06,val
2020-07-22,0.0117285563212351,-3.242706199101509e-06,val
2020-07-23,-0.0007776386100609,-3.242706199101509e-06,val
2020-07-24,0.0033654085351349,-3.242706199101509e-06,val
2020-07-27,0.0130094268885941,-3.242706199101509e-06,val
2020-07-28,-0.0036631637844622,-3.242706199101509e-06,val
2020-07-29,0.0006825356463245,-3.242706199101509e-06,val
2020-07-30,0.0015340040506007,-3.242706199101509e-06,val
2020-07-31,0.0089017585825536,-3.242706199101509e-06,val
2020-08-03,-0.0103504784234742,-3.242706199101509e-06,val
2020-08-04,0.0033204236373025,-3.242706199101509e-06,val
2020-08-05,0.0075363411863205,-3.242706199101509e-06,val
2020-08-06,-0.0009283876262884,-3.242706199101509e-06,val
2020-08-07,-0.0021978030824794,-3.242706199101509e-06,val
2020-08-10,-0.0045801606785742,-3.242706199101509e-06,val
2020-08-11,0.0016988027528993,-3.242706199101509e-06,val
2020-08-12,-0.0010189353008599,-3.242706199101509e-06,val
2020-08-13,0.0052533589720781,-3.242706199101509e-06,val
2020-08-14,-0.0016916184360389,-3.242706199101509e-06,val
2020-08-17,0.0033803801309805,-3.242706199101509e-06,val
2020-08-18,0.0044614746338349,3.3692677771021653e-06,val
2020-08-19,0.0022651966563203,3.3692677771021653e-06,val
2020-08-20,-0.0069798038063784,3.3692677771021653e-06,val
2020-08-21,-0.0068589116856149,3.3692677771021653e-06,val
2020-08-24,0.0066057150770968,3.3692677771021653e-06,val
2020-08-25,-0.0027894020875786,3.3692677771021653e-06,val
2020-08-26,-0.002118375575053,3.3692677771021653e-06,val
2020-08-27,0.0014409835085071,3.3692677771021653e-06,val
2020-08-28,0.0091902337322077,3.3692677771021653e-06,val
2020-08-31,0.0020959974137504,3.3692677771021653e-06,val
2020-09-01,0.0039286212605067,3.3692677771021653e-06,val
2020-09-02,-0.0105670221778241,3.3692677771021653e-06,val
2020-09-03,-0.0040550870807557,3.3692677771021653e-06,val
2020-09-04,0.0024519141432014,3.3692677771021653e-06,val
2020-09-07,-0.0015211699037384,3.3692677771021653e-06,val
2020-09-08,-0.0033038278177513,3.3692677771021653e-06,val
2020-09-09,-0.0010187622920347,3.3692677771021653e-06,val
2020-09-10,0.0064347017385432,3.3692677771021653e-06,val
2020-09-11,0.0004218875310434,3.3692677771021653e-06,val
2020-09-14,0.0018541935358668,3.3692677771021653e-06,val
2020-09-15,0.0013463482343378,3.3692677771021653e-06,val
2020-09-16,-0.001935946061483,3.3692677771021653e-06,val
2020-09-17,-0.0060846972146627,3.3692677771021653e-06,val
2020-09-18,0.0030469765427163,3.3692677771021653e-06,val
2020-09-21,-0.0038950091579893,3.3692677771021653e-06,val
2020-09-22,-0.0039954148444821,3.3692677771021653e-06,val
2020-09-23,-0.0040969671509507,3.3692677771021653e-06,val
2020-09-24,-0.0040279439126951,3.3692677771021653e-06,val
2020-09-25,-0.0009450578477346,3.3692677771021653e-06,val
2020-09-28,0.0030896008098948,3.3692677771021653e-06,val
2020-09-29,0.0027383210675796,3.3692677771021653e-06,val
2020-09-30,0.0005126014635952,3.3692677771021653e-06,val
2020-10-01,0.0037510700419367,3.3692677771021653e-06,val
2020-10-02,-0.001873776206192,3.3692677771021653e-06,val
2020-10-05,0.0032343206337522,3.3692677771021653e-06,val
2020-10-06,0.0022917295605018,3.3692677771021653e-06,val
2020-10-07,-0.0021217915874529,3.3692677771021653e-06,val
2020-10-08,-0.0004248990928594,3.3692677771021653e-06,val
2020-10-09,0.0025466906803125,3.3692677771021653e-06,val
2020-10-12,0.0003390692581438,3.3692677771021653e-06,val
2020-10-13,-0.0010175528733496,2.8387694929519343e-06,val
2020-10-14,-0.0031439886542644,2.8387694929519343e-06,val
2020-10-15,-0.004435353569334,2.8387694929519343e-06,val
2020-10-16,0.0036691026272408,2.8387694929519343e-06,val
2020-10-19,0.0037405467400198,2.8387694929519343e-06,val
2020-10-20,0.0021190938211765,2.8387694929519343e-06,val
2020-10-21,0.0035499995020478,2.8387694929519343e-06,val
2020-10-22,-0.0026190189430789,2.8387694929519343e-06,val
2020-10-23,0.0029564577854912,2.8387694929519343e-06,val
2020-10-26,-0.0031256625236275,2.8387694929519343e-06,val
2020-10-27,0.0010993193783952,2.8387694929519343e-06,val
2020-10-28,-0.0089138499295711,2.8387694929519343e-06,val
2020-10-29,-0.0019632117611042,2.8387694929519343e-06,val
2020-10-30,-0.0005127766969892,2.8387694929519343e-06,val
2020-11-02,-0.0039400479236457,2.8387694929519343e-06,val
2020-11-03,0.0042819282688561,2.8387694929519343e-06,val
2020-11-04,0.0016223373749988,2.8387694929519343e-06,val
2020-11-05,0.0113676147763257,2.8387694929519343e-06,val
2020-11-06,0.0012644891042078,2.8387694929519343e-06,val
2020-11-09,0.0010945986863125,2.8387694929519343e-06,val
2020-11-10,-0.0063315394497725,2.976831611353133e-06,val
2020-11-11,-0.0035632514158524,2.976831611353133e-06,val
2020-11-12,0.0021225121522719,2.976831611353133e-06,val
2020-11-13,0.0020333820443347,2.976831611353133e-06,val
2020-11-16,0.0012687673514243,2.976831611353133e-06,val
2020-11-17,0.0043859719432542,2.976831611353133e-06,val
2020-11-18,-0.0011789475049741,2.976831611353133e-06,val
2020-11-19,-0.0030379770200766,2.976831611353133e-06,val
2020-11-20,0.0026165872704675,2.976831611353133e-06,val
2020-11-23,0.0031981175213366,2.976831611353133e-06,val
2020-11-24,-0.0030295403125757,2.976831611353133e-06,val
2020-11-25,0.0021048208149636,2.976831611353133e-06,val
2020-11-26,0.0008406894147932,2.976831611353133e-06,val
2020-11-27,0.001847032680251,2.976831611353133e-06,val
2020-11-30,0.0048531598895685,2.976831611353133e-06,val
2020-12-01,-0.0010021714551817,2.976831611353133e-06,val
2020-12-02,0.0081551587864484,2.976831611353133e-06,val
2020-12-03,0.0070198909079048,2.976831611353133e-06,val
2020-12-04,0.0006581653878063,2.976831611353133e-06,val
2020-12-07,-0.0025528074142652,2.976831611353133e-06,val
2020-12-08,-0.0011550203412604,5.084740382239766e-06,val
2020-12-09,-0.0004128307865262,5.084740382239766e-06,val
2020-12-10,0.0004953764962597,5.084740382239766e-06,val
2020-12-11,0.0009900174061655,5.084740382239766e-06,val
2020-12-14,0.0028819650232633,5.084740382239766e-06,val
2020-12-15,-0.0018105510665657,5.084740382239766e-06,val
2020-12-16,0.0040281200423471,5.084740382239766e-06,val
2020-12-17,0.0046654473820632,5.084740382239766e-06,val
2020-12-18,0.0010610080570945,5.084740382239766e-06,val
2020-12-21,-0.0070399766853978,5.084740382239766e-06,val
2020-12-22,0.005407189972742,5.084740382239766e-06,val
2020-12-23,-0.0059823985016878,5.084740382239766e-06,val
2020-12-24,0.0022168406796142,5.084740382239766e-06,val
2020-12-28,0.0021301007562574,5.084740382239766e-06,val
2020-12-29,0.0032682437784718,5.084740382239766e-06,val
2020-12-30,0.0017929915153899,5.084740382239766e-06,val
2020-12-31,-0.0008145976338362,5.084740382239766e-06,val
2021-01-04,0.0020352512418839,5.084740382239766e-06,val
2021-01-05,-0.0020352512418839,5.084740382239766e-06,val
2021-01-06,0.0054451757930361,5.084740382239766e-06,val
2021-01-07,-0.0050377940299571,1.0055849367035992e-05,val
2021-01-08,-0.0021201997667536,1.0055849367035992e-05,val
2021-01-11,-0.0071273803544368,1.0055849367035992e-05,val
2021-01-12,-0.0001644466374368,1.0055849367035992e-05,val
2021-01-13,0.000411065899651,1.0055849367035992e-05,val
2021-01-14,-0.0034582167029568,1.0055849367035992e-05,val
2021-01-15,-8.248443111041396e-05,1.0055849367035992e-05,val
2021-01-18,-0.0048786634988461,1.0055849367035992e-05,val
2021-01-19,0.0056207785607345,1.0055849367035992e-05,val
2021-01-20,-0.0025584960104193,1.0055849367035992e-05,val
2021-01-21,0.0046992955106153,1.0055849367035992e-05,val
2021-01-22,0.0,1.0055849367035992e-05,val
2021-01-25,-0.0004936240330589,1.0055849367035992e-05,val
2021-01-26,-0.0007408932217899,1.0055849367035992e-05,val
2021-01-27,-0.0023910635129263,1.0055849367035992e-05,val
2021-01-28,-0.0019004343666457,1.0055849367035992e-05,val
2021-01-29,0.0037148678541213,1.0055849367035992e-05,val
2021-02-01,-0.0042939785218057,1.0055849367035992e-05,val
2021-02-02,-0.0033156529049381,1.0055849367035992e-05,val
2021-02-03,-0.0022442966903246,1.0055849367035992e-05,val
2021-02-04,-0.0017490530424,9.103499906970683e-06,val
2021-02-05,-0.0010842821863831,9.103499906970683e-06,val
2021-02-08,0.0034988372914452,9.103499906970683e-06,val
2021-02-09,0.0065481604942298,9.103499906970683e-06,val
2021-02-10,0.0018983951885999,9.103499906970683e-06,val
2021-02-11,0.001647854043479,9.103499906970683e-06,val
2021-02-12,-0.0032158345586613,9.103499906970683e-06,val
2021-02-15,0.0017328881672712,9.103499906970683e-06,val
2021-02-16,0.0011535927449382,9.103499906970683e-06,val
2021-02-17,-0.0068586807726424,9.103499906970683e-06,val
2021-02-18,0.0019880722253861,9.103499906970683e-06,val
2021-02-19,0.004541146391241,9.103499906970683e-06,val
2021-02-22,-0.0004943968459305,9.103499906970683e-06,val
2021-02-23,0.0008238590019458,9.103499906970683e-06,val
2021-02-24,0.0002470254037016,9.103499906970683e-06,val
2021-02-25,0.006483137885552,9.103499906970683e-06,val
2021-02-26,-0.0085435498725606,9.103499906970683e-06,val
2021-03-01,-0.0056258938821683,9.103499906970683e-06,val
2021-03-02,-0.0020763264799238,9.103499906970683e-06,val
2021-03-03,0.0016614059312552,9.103499906970683e-06,val
2021-03-04,-0.0011626942593778,7.586899772021581e-06,val
2021-03-05,-0.0080093870517019,7.586899772021581e-06,val
2021-03-08,-0.0060494219100065,7.586899772021581e-06,val
2021-03-09,0.0023569034479503,7.586899772021581e-06,val
2021-03-10,-0.0001681661485506,7.586899772021581e-06,val
2021-03-11,0.0064540687553821,7.586899772021581e-06,val
2021-03-12,-0.0030123025037147,7.586899772021581e-06,val
2021-03-15,-0.001090009750315,7.586899772021581e-06,val
2021-03-16,0.0005032290637105,7.586899772021581e-06,val
2021-03-17,-0.0015944282318761,7.586899772021581e-06,val
2021-03-18,0.0004198329126698,7.586899772021581e-06,val
2021-03-19,-0.001764483926266,7.586899772021581e-06,val
2021-03-22,0.0029390792454723,7.586899772021581e-06,val
2021-03-23,-0.003612083393025,7.586899772021581e-06,val
2021-03-24,-0.0048928729298924,7.586899772021581e-06,val
2021-03-25,-0.0019469257430198,7.586899772021581e-06,val
2021-03-26,-0.0016960655354813,7.586899772021581e-06,val
2021-03-29,0.0001697360608334,7.586899772021581e-06,val
2021-03-30,-0.0036556895122543,7.586899772021581e-06,val
2021-03-31,-0.0013636753157315,7.586899772021581e-06,val
2021-04-01,0.0017894427679846,5.8081982057295985e-06,val
2021-04-06,0.0056032067813484,5.8081982057295985e-06,val
2021-04-07,0.0060769937186848,5.8081982057295985e-06,val
2021-04-08,-0.0009260429167059,5.8081982057295985e-06,val
2021-04-09,0.0012625732917481,5.8081982057295985e-06,val
2021-04-12,0.0013449901153326,5.8081982057295985e-06,val
2021-04-13,-0.000672268932882,5.8081982057295985e-06,val
2021-04-14,0.0056999316098475,5.8081982057295985e-06,val
2021-04-15,0.0005013788021803,5.8081982057295985e-06,val
2021-04-16,0.0013357824661118,5.8081982057295985e-06,val
2021-04-19,0.0040797691990416,5.8081982057295985e-06,val
2021-04-20,0.0013285728102195,5.8081982057295985e-06,val
2021-04-21,-0.0036578309966738,5.8081982057295985e-06,val
2021-04-22,0.0032428415729481,5.8081982057295985e-06,val
2021-04-23,0.0016589253970407,5.8081982057295985e-06,val
2021-04-26,0.0015734341368764,5.8081982057295985e-06,val
2021-04-27,0.0002482108149922,5.8081982057295985e-06,val
2021-04-28,-0.0014901898609983,5.8081982057295985e-06,val
2021-04-29,0.0048762442173034,5.8081982057295985e-06,val
2021-04-30,-0.003882537610194,5.8081982057295985e-06,val
2021-05-03,-0.0031501310970621,5.965338239920798e-06,val
2021-05-04,-0.0019114902973702,5.965338239920798e-06,val
2021-05-05,-0.0013318906489006,5.965338239920798e-06,val
2021-05-06,0.0045709616258229,5.965338239920798e-06,val
2021-05-07,-8.29221775839134e-05,5.965338239920798e-06,val
2021-05-10,0.0090804652332075,5.965338239920798e-06,val
2021-05-11,8.217264477274214e-05,5.965338239920798e-06,val
2021-05-12,-0.0042819564766385,5.965338239920798e-06,val
2021-05-13,-0.0030579799853705,5.965338239920798e-06,val
2021-05-14,0.0034705042270194,5.965338239920798e-06,val
2021-05-17,0.0016483973072356,5.965338239920798e-06,val
2021-05-18,0.0064847344010418,5.965338239920798e-06,val
2021-05-19,-0.0008185316000922,5.965338239920798e-06,val
2021-05-20,-0.000737251722929,5.965338239920798e-06,val
2021-05-21,-0.0012299620262397,5.965338239920798e-06,val
2021-05-24,0.0019672137491687,5.965338239920798e-06,val
2021-05-25,0.0042490666968815,5.965338239920798e-06,val
2021-05-26,-0.00285796136228,5.965338239920798e-06,val
2021-05-27,-0.0025381763329682,5.965338239920798e-06,val
2021-05-28,-0.0046014871660222,5.965338239920798e-06,val
2021-05-31,0.0048473988849547,6.260060242381319e-06,val
2021-06-01,0.0019651197677385,6.260060242381319e-06,val
2021-06-02,-0.0031952835346331,6.260060242381319e-06,val
2021-06-03,8.205801506267975e-05,6.260060242381319e-06,val
2021-06-04,-0.0057603845919796,6.260060242381319e-06,val
2021-06-07,0.0037069114485323,6.260060242381319e-06,val
2021-06-08,0.0016431157163749,6.260060242381319e-06,val
2021-06-09,0.0010665792535908,6.260060242381319e-06,val
2021-06-10,-0.0017235015961508,6.260060242381319e-06,val
2021-06-11,-0.0040330932481859,6.260060242381319e-06,val
2021-06-14,-0.0010727401284538,6.260060242381319e-06,val
2021-06-15,-0.0003303055356206,6.260060242381319e-06,val
2021-06-16,0.0013205680360844,6.260060242381319e-06,val
2021-06-17,-0.0155441390826553,6.260060242381319e-06,val
2021-06-18,-0.0032725013471873,6.260060242381319e-06,val
2021-06-21,-0.000588507310272,6.260060242381319e-06,val
2021-06-22,0.00025225982896,6.260060242381319e-06,val
2021-06-23,0.0047808856003421,6.260060242381319e-06,val
2021-06-24,-0.0012559134233389,6.260060242381319e-06,val
2021-06-25,0.0011722349161146,6.260060242381319e-06,val
2021-06-28,-0.0033528950103109,5.318789656116541e-06,val
2021-06-29,-0.0018488953918053,5.318789656116541e-06,val
2021-06-30,-0.0003365303750423,5.318789656116541e-06,val
2021-07-01,0.0,5.318789656116541e-06,val
2021-07-02,-0.0051461707193848,5.318789656116541e-06,val
2021-07-05,0.0036303809554752,5.318789656116541e-06,val
2021-07-06,-0.0023624715679183,5.318789656116541e-06,val
2021-07-07,-0.0005914909970075,5.318789656116541e-06,val
2021-07-08,0.0005914909970075,5.318789656116541e-06,val
2021-07-09,0.0016880490166427,5.318789656116541e-06,val
2021-07-12,-0.000506115573857,5.318789656116541e-06,val
2021-07-13,-0.000675219471974,5.318789656116541e-06,val
2021-07-14,-0.0027054463576684,5.318789656116541e-06,val
2021-07-15,-0.0002540112625316,5.318789656116541e-06,val
2021-07-16,-0.0005929439841676,5.318789656116541e-06,val
2021-07-19,-0.0030549921927126,5.318789656116541e-06,val
2021-07-20,0.000764623460217,5.318789656116541e-06,val
2021-07-21,-0.0002548095312551,5.318789656116541e-06,val
2021-07-22,0.0002548095312551,5.318789656116541e-06,val
2021-07-23,-0.0006796364206894,5.318789656116541e-06,val
2021-07-26,0.0016982257626406,3.560235248155132e-06,val
2021-07-27,0.0019494009648385,3.560235248155132e-06,val
2021-07-28,-0.0002540542842982,3.560235248155132e-06,val
2021-07-29,0.0055743387586824,3.560235248155132e-06,val
2021-07-30,0.0015148967717866,3.560235248155132e-06,val
2021-08-02,-0.0004205745109727,3.560235248155132e-06,val
2021-08-03,-8.413613231180752e-05,3.560235248155132e-06,val
2021-08-04,-0.0020213937650184,3.560235248155132e-06,val
2021-08-05,-0.0009278394659984,3.560235248155132e-06,val
2021-08-06,-0.0036352916561674,3.560235248155132e-06,val
2021-08-09,-0.0039036030560733,3.560235248155132e-06,val
2021-08-10,-0.003321554814662,3.560235248155132e-06,val
2021-08-11,-0.0003412969316406,3.560235248155132e-06,val
2021-08-12,0.0017905107737882,3.560235248155132e-06,val
2021-08-13,0.0022123902829408,3.560235248155132e-06,val
2021-08-16,0.0005948081919003,3.560235248155132e-06,val
2021-08-17,-0.0004248268894344,3.560235248155132e-06,val
2021-08-18,-0.0037462793921008,3.560235248155132e-06,val
2021-08-19,-0.0023058210822684,3.560235248155132e-06,val
2021-08-20,-0.0021397705772059,3.560235248155132e-06,val
2021-08-23,0.0040189886923802,1.9404561462298435e-06,val
2021-08-24,0.0018756932773535,1.9404561462298435e-06,val
2021-08-25,-0.0003407735592697,1.9404561462298435e-06,val
2021-08-26,0.0026379626411114,1.9404561462298435e-06,val
2021-08-27,-0.0005100306128925,1.9404561462298435e-06,val
2021-08-30,0.003395300774712,1.9404561462298435e-06,val
2021-08-31,0.0027924706108906,1.9404561462298435e-06,val
2021-09-01,-0.0014375715976238,1.9404561462298435e-06,val
2021-09-02,0.0024510851978949,1.9404561462298435e-06,val
2021-09-03,0.0021924285702511,1.9404561462298435e-06,val
2021-09-06,-0.0006740815893938,1.9404561462298435e-06,val
2021-09-07,-0.0003372112660514,1.9404561462298435e-06,val
2021-09-08,-0.0027863403005994,1.9404561462298435e-06,val
2021-09-09,0.0009296429995532,1.9404561462298435e-06,val
2021-09-10,0.0002533890802863,1.9404561462298435e-06,val
2021-09-13,-0.0051649071253791,1.9404561462298435e-06,val
2021-09-14,0.0028820906616028,1.9404561462298435e-06,val
2021-09-15,0.0008460953208024,1.9404561462298435e-06,val
2021-09-16,-0.0051723522275416,1.9404561462298435e-06,val
2021-09-17,0.0014441662451364,1.9404561462298435e-06,val
2021-09-20,-0.0058746071634403,1.78858330717554e-06,val
2021-09-21,0.0023028710761424,1.78858330717554e-06,val
2021-09-22,-0.0007670345967746,1.78858330717554e-06,val
2021-09-23,-0.001194335579609,1.78858330717554e-06,val
2021-09-24,0.0003413843167062,1.78858330717554e-06,val
2021-09-27,-0.0017935692556312,1.78858330717554e-06,val
2021-09-28,-0.0017111571594881,1.78858330717554e-06,val
2021-09-29,-0.0020572611404633,1.78858330717554e-06,val
2021-09-30,-0.0064563560907465,1.78858330717554e-06,val
2021-10-01,0.0018119854821829,1.78858330717554e-06,val
2021-10-04,0.0030986425206362,1.78858330717554e-06,val
2021-10-05,-0.0029262435890826,1.78858330717554e-06,val
2021-10-06,-0.0051849407550978,1.78858330717554e-06,val
2021-10-07,0.0017313023715095,1.78858330717554e-06,val
2021-10-08,0.0006052483864676,1.78858330717554e-06,val
2021-10-11,0.0004320961048951,1.78858330717554e-06,val
2021-10-12,-0.001642959425303,1.78858330717554e-06,val
2021-10-13,0.0006056149339403,1.78858330717554e-06,val
2021-10-14,0.0034536383835883,1.78858330717554e-06,val
2021-10-15,0.0,1.78858330717554e-06,val
2021-10-18,0.0001723692152852,1.0445523336664048e-06,val
2021-10-19,0.0043854062285627,1.0445523336664048e-06,val
2021-10-20,-0.0027493788261494,1.0445523336664048e-06,val
2021-10-21,0.0012037834643688,1.0445523336664048e-06,val
2021-10-22,-0.0006017105953667,1.0445523336664048e-06,val
2021-10-25,-0.0023242811651645,1.0445523336664048e-06,val
2021-10-26,0.0012919342049322,1.0445523336664048e-06,val
2021-10-27,-8.607703900299235e-05,1.0445523336664048e-06,val
2021-10-28,-0.0020680748430733,1.0445523336664048e-06,val
2021-10-29,0.0044754356480399,1.0445523336664048e-06,val
2021-11-01,-0.0057701576794915,1.0445523336664048e-06,val
2021-11-02,0.0021569397085955,1.0445523336664048e-06,val
2021-11-03,-0.0021569397085956,1.0445523336664048e-06,val
2021-11-04,-0.0007776386100609,1.0445523336664048e-06,val
2021-11-05,-0.0043312611023825,1.0445523336664048e-06,val
2021-11-08,0.0051952666857665,1.0445523336664048e-06,val
2021-11-09,-0.0001727414065445,1.0445523336664048e-06,val
2021-11-10,-0.0016425333280051,1.0445523336664048e-06,val
2021-11-11,-0.0085151266089927,1.0445523336664048e-06,val
2021-11-12,-0.0010476690324435,1.0445523336664048e-06,val
2021-11-15,-0.0003494670662858,-8.949773238257033e-07,val
2021-11-16,-0.0066631843930643,-8.949773238257033e-07,val
2021-11-17,-0.0045847373554788,-8.949773238257033e-07,val
2021-11-18,0.0025594647924844,-8.949773238257033e-07,val
2021-11-19,-0.0065440629718636,-8.949773238257033e-07,val
2021-11-22,0.0006208701250487,-8.949773238257033e-07,val
2021-11-23,-0.0016861165639969,-8.949773238257033e-07,val
2021-11-24,-0.0047184596779005,-8.949773238257033e-07,val
2021-11-25,0.001515894891026,-8.949773238257033e-07,val
2021-11-26,0.0060407041642662,-8.949773238257033e-07,val
2021-11-29,-0.001329374946519,-8.949773238257033e-07,val
2021-11-30,0.007685889684006,-8.949773238257033e-07,val
2021-12-01,-0.0043215660149082,-8.949773238257033e-07,val
2021-12-02,0.0022072140687387,-8.949773238257033e-07,val
2021-12-03,-0.0042421627913175,-8.949773238257033e-07,val
2021-12-06,-0.0003543272248957,-8.949773238257033e-07,val
2021-12-07,-0.0027503011614014,-8.949773238257033e-07,val
2021-12-08,0.0038129064150213,-8.949773238257033e-07,val
2021-12-09,0.0010614773221348,-8.949773238257033e-07,val
2021-12-10,-0.0033652174868497,-8.949773238257033e-07,val
2021-12-13,0.000443439322596,-1.903067380822765e-06,val
2021-12-14,0.0027449435041995,-1.903067380822765e-06,val
2021-12-15,-0.0041646420567631,-1.903067380822765e-06,val
2021-12-16,0.0065492755559524,-1.903067380822765e-06,val
2021-12-17,-0.0005294273484643,-1.903067380822765e-06,val
2021-12-20,-0.0050435889775206,-1.903067380822765e-06,val
2021-12-21,0.0019496638575724,-1.903067380822765e-06,val
2021-12-22,0.0005310674580472,-1.903067380822765e-06,val
2021-12-23,0.0007960727500153,-1.903067380822765e-06,val
2021-12-24,0.0006187298557752,-1.903067380822765e-06,val
2021-12-27,-0.0004419108295875,-1.903067380822765e-06,val
2021-12-28,0.0016782232442125,-1.903067380822765e-06,val
2021-12-29,-0.0024741551898353,-1.903067380822765e-06,val
2021-12-30,0.0027388805388333,-1.903067380822765e-06,val
2021-12-31,-0.0007060900558142,-1.903067380822765e-06,val
2022-01-03,0.0025572078659084,-1.903067380822765e-06,val
2022-01-04,-0.006715585899742,-1.903067380822765e-06,val
2022-01-05,0.0035401399925032,-1.903067380822765e-06,val
2022-01-06,-0.0003534505647823,-1.903067380822765e-06,val
2022-01-07,-0.0015035601824303,-1.903067380822765e-06,val
2022-01-10,0.0017686598172618,-3.5329549016460474e-06,val
2022-01-11,0.0015891236680473,-3.5329549016460474e-06,val
2022-01-12,0.0029948053740654,-3.5329549016460474e-06,val
2022-01-13,0.0081461493704279,-3.5329549016460474e-06,val
2022-01-14,-0.0013967701965333,-3.5329549016460474e-06,val
2022-01-17,-0.0038512082611178,-3.5329549016460474e-06,val
2022-01-18,-0.0031620579706479,-3.5329549016460474e-06,val
2022-01-19,-0.0019373024727684,-3.5329549016460474e-06,val
2022-01-20,-0.0006172023296932,-3.5329549016460474e-06,val
2022-01-21,0.000881601044493,-3.5329549016460474e-06,val
2022-01-24,-0.0038848715643785,-3.5329549016460474e-06,val
2022-01-25,-0.0031897953681001,-3.5329549016460474e-06,val
2022-01-26,0.0007984032360243,-3.5329549016460474e-06,val
2022-01-27,-0.0104292962969856,-3.5329549016460474e-06,val
2022-01-28,-0.0019732717856881,-3.5329549016460474e-06,val
2022-01-31,0.0016147845977657,-3.5329549016460474e-06,val
2022-02-01,0.0092791529463017,-3.5329549016460474e-06,val
2022-02-02,0.0055794326203584,-3.5329549016460474e-06,val
2022-02-03,-0.0032730357849541,-3.5329549016460474e-06,val
2022-02-04,0.0156486709789223,-3.5329549016460474e-06,val
2022-02-07,-0.0014840035895314,-3.5329549016239305e-06,val
2022-02-08,-0.0034128232643991,-3.5329549016239305e-06,val
2022-02-09,0.0023639638028042,-3.5329549016239305e-06,val
2022-02-10,0.0003497420687918,-3.5329549016239305e-06,val
2022-02-11,-0.0019250968493462,-3.5329549016239305e-06,val
2022-02-14,-0.0088858192548693,-3.5329549016239305e-06,val
2022-02-15,0.0025594647924844,-3.5329549016239305e-06,val
2022-02-16,0.0023770755569483,-3.5329549016239305e-06,val
2022-02-17,-0.0001758860263086,-3.5329549016239305e-06,val
2022-02-18,-0.0014082030139101,-3.5329549016239305e-06,val
2022-02-21,-0.0014101888464225,-3.5329549016239305e-06,val
2022-02-22,0.0003527336897243,-3.5329549016239305e-06,val
2022-02-23,0.0001763201979354,-3.5329549016239305e-06,val
2022-02-24,-0.0160842317571765,-3.5329549016239305e-06,val
2022-02-25,0.004736592259639,-3.5329549016239305e-06,val
2022-02-28,-0.0015168416916778,-3.5329549016239305e-06,val
2022-03-01,-0.0033093362343144,-3.5329549016239305e-06,val
2022-03-02,-0.0050296495468264,-3.5329549016239305e-06,val
2022-03-03,-0.0027048975107001,-3.5329549016239305e-06,val
2022-03-04,-0.0133607986141789,-3.5329549016239305e-06,val
2022-03-07,-0.0031158382979533,-3.745107349685529e-06,val
2022-03-08,-0.00027539358507,-3.745107349685529e-06,val
2022-03-09,0.0092301317852135,-3.745107349685529e-06,val
2022-03-10,0.0082439204040052,-3.745107349685529e-06,val
2022-03-11,-0.008516858585202,-3.745107349685529e-06,val
2022-03-14,-0.0027334868956603,-3.745107349685529e-06,val
2022-03-15,0.0028244745668937,-3.745107349685529e-06,val
2022-03-16,0.0002729133517051,-3.745107349685529e-06,val
2022-03-17,0.0051712521681766,-3.745107349685529e-06,val
2022-03-18,-0.0038986404156573,-3.745107349685529e-06,val
2022-03-21,0.0027215838263215,-3.745107349685529e-06,val
2022-03-22,-0.0012691507460066,-3.745107349685529e-06,val
2022-03-23,-0.0035440084347292,-3.745107349685529e-06,val
2022-03-24,-0.0006374357088759,-3.745107349685529e-06,val
2022-03-25,0.0021838043255689,-3.745107349685529e-06,val
2022-03-28,-0.0032774974714096,-3.745107349685529e-06,val
2022-03-29,0.0107932660864181,-3.745107349685529e-06,val
2022-03-30,0.0036918685848267,-3.745107349685529e-06,val
2022-03-31,-0.0022495173025913,-3.745107349685529e-06,val
2022-04-01,-0.0044237872893401,-3.745107349685529e-06,val
2022-04-04,-0.004261692082745,-4.828401660822119e-06,val
2022-04-05,-0.003276602549228,-4.828401660822119e-06,val
2022-04-06,-0.0042024545677909,-4.828401660822119e-06,val
2022-04-07,-0.0006410550153141,-4.828401660822119e-06,val
2022-04-08,-0.0050512115481928,-4.828401660822119e-06,val
2022-04-11,0.003584397937199,-4.828401660822119e-06,val
2022-04-12,-0.0035843979371989,-4.828401660822119e-06,val
2022-04-13,-0.0032277429231129,-4.828401660822119e-06,val
2022-04-14,0.0047917526259828,-4.828401660822119e-06,val
2022-04-19,-0.0069185276659211,-4.828401660822119e-06,val
2022-04-20,0.0024961876780512,-4.828401660822119e-06,val
2022-04-21,0.0052493558861437,-4.828401660822119e-06,val
2022-04-22,-0.0064504462508903,-4.828401660822119e-06,val
2022-04-25,-0.0065853783415228,-4.828401660822119e-06,val
2022-04-26,-0.0067227143948767,-4.828401660822119e-06,val
2022-04-27,-0.0085619378001655,-4.828401660822119e-06,val
2022-04-28,-0.0093032757577041,-4.828401660822119e-06,val
2022-04-29,0.005231878759333,-4.828401660822119e-06,val
2022-05-02,-0.00151917993517,-4.828401660822119e-06,val
2022-05-03,0.0030360554630314,-4.828401660822119e-06,val
2022-05-04,-0.0023711302426176,-1.0478648843278882e-05,val
2022-05-05,0.0035072788215641,-1.0478648843278882e-05,val
2022-05-06,0.000189232662122,-1.0478648843278882e-05,val
2022-05-09,-0.0010412230577688,-1.0478648843278882e-05,val
2022-05-10,-0.0004736418409014,-1.0478648843278882e-05,val
2022-05-11,-9.475529452292255e-05,-1.0478648843278882e-05,val
2022-05-12,-0.0138354384787489,-1.0478648843278882e-05,val
2022-05-13,-0.0022122838821284,-1.0478648843278882e-05,val
2022-05-16,0.0035564991589472,-1.0478648843278882e-05,val
2022-05-17,0.0113534587860292,-1.0478648843278882e-05,val
2022-05-18,-0.001709077514377,-1.0478648843278882e-05,val
2022-05-19,0.0001900418097699,-1.0478648843278882e-05,val
2022-05-20,0.0049284527774708,-1.0478648843278882e-05,val
2022-05-23,0.0077227733610838,-1.0478648843278882e-05,val
2022-05-24,0.0057065499356562,-1.0478648843278882e-05,val
2022-05-25,-0.0059880418446225,-1.0478648843278882e-05,val
2022-05-26,0.0038402145259604,-1.0478648843278882e-05,val
2022-05-27,0.002334377081352,-1.0478648843278882e-05,val
2022-05-30,0.0039095274593133,-1.0478648843278882e-05,val
2022-05-31,-0.0047492755842383,-1.0478648843278882e-05,val
2022-06-01,-9.334889154967016e-05,-1.0478648847601565e-05,val
2022-06-02,-0.0018688101121988,-1.0478648847601565e-05,val
2022-06-03,0.0035477583659344,-1.0478648847601565e-05,val
2022-06-06,-0.0003728560818736,-1.0478648847601565e-05,val
2022-06-07,-0.005984682160164,-1.0478648847601565e-05,val
2022-06-08,0.0071959564755103,-1.0478648847601565e-05,val
2022-06-09,0.0003724048083258,-1.0478648847601565e-05,val
2022-06-10,-0.0154780070406171,-1.0478648847601565e-05,val
2022-06-13,-0.0116960397631912,-1.0478648847601565e-05,val
2022-06-14,-0.000286985222231,-1.0478648847601565e-05,val
2022-06-15,-0.002011205964532,-1.0478648847601565e-05,val
2022-06-16,-0.0029763355465069,-1.0478648847601565e-05,val
2022-06-17,0.0082352280030139,-1.0478648847601565e-05,val
2022-06-20,0.0029519613875503,-1.0478648847601565e-05,val
2022-06-21,0.0031328643841838,-1.0478648847601565e-05,val
2022-06-22,-0.0027526000959246,-1.0478648847601565e-05,val
2022-06-23,-0.0026648916503769,-1.0478648847601565e-05,val
2022-06-24,0.0029499950022725,-1.0478648847601565e-05,val
2022-06-27,0.0045506335639962,-1.0478648847601565e-05,val
2022-06-28,-0.0010410259777052,-1.0478648847601565e-05,val
2022-06-29,-0.0041749752264459,-1.1164497882553824e-05,val
2022-06-30,-0.0124379712922171,-1.1164497882553824e-05,val
2022-07-01,0.0036517434391907,-1.1164497882553824e-05,val
2022-07-04,0.0028735651957317,-1.1164497882553824e-05,val
2022-07-05,-0.0159077830346388,-1.1164497882553824e-05,val
2022-07-06,-0.0110422776361636,-1.1164497882553824e-05,val
2022-07-07,0.0002947389125821,-1.1164497882553824e-05,val
2022-07-08,-0.0016713369667473,-1.1164497882553824e-05,val
2022-07-11,-0.0064162897189053,-1.1164497882553824e-05,val
2022-07-12,-0.0055610868242102,-1.1164497882553824e-05,val
2022-07-13,0.0024864501347723,-1.1164497882553824e-05,val
2022-07-14,-0.0061777797115894,-1.1164497882553824e-05,val
2022-07-15,0.0053827881165044,-1.1164497882553824e-05,val
2022-07-18,0.007132273919339,-1.1164497882553824e-05,val
2022-07-19,0.0111897516193229,-1.1164497882553824e-05,val
2022-07-20,-0.0045001054224819,-1.1164497882553824e-05,val
2022-07-21,0.0,-1.1164497882553824e-05,val
2022-07-22,-0.0008828290337477,-1.1164497882553824e-05,val
2022-07-25,0.0045040710629091,-1.1164497882553824e-05,val
2022-07-26,-0.0110020756146648,-1.1164497882553824e-05,val
2022-07-27,0.0027618877292091,-2.3372998141283106e-05,val
2022-07-28,-0.0029594576202004,-2.3372998141283106e-05,val
2022-07-29,0.0074803498410777,-2.3372998141283106e-05,val
2022-08-01,0.0034261694716543,-2.3372998141283106e-05,val
2022-08-02,-0.0008798944694395,-2.3372998141283106e-05,val
2022-08-03,-0.0029385857173289,-2.3372998141283106e-05,val
2022-08-04,-0.0012760737927913,-2.3372998141283106e-05,val
2022-08-05,0.0050945539795598,-2.3372998141283106e-05,val
2022-08-08,-0.0033281158362373,-2.3372998141283106e-05,val
2022-08-09,0.003425834114519,-2.3372998141283106e-05,val
2022-08-10,0.0017572981189243,-2.3372998141283106e-05,val
2022-08-11,0.0083536182720231,-2.3372998141283106e-05,val
2022-08-12,-0.0051399036689271,-2.3372998141283106e-05,val
2022-08-15,-0.0087891190785018,-2.3372998141283106e-05,val
2022-08-16,-0.0062973739548782,-2.3372998141283106e-05,val
2022-08-17,0.0032520353863773,-2.3372998141283106e-05,val
2022-08-18,0.0013764627087232,-2.3372998141283106e-05,val
2022-08-19,-0.0122579628962574,-2.3372998141283106e-05,val
2022-08-22,-0.0052854772760046,-2.3372998141283106e-05,val
2022-08-23,-0.0074267703867941,-2.3372998141283106e-05,val
2022-08-24,0.0007048990775738,-2.337299814261437e-05,val
2022-08-25,0.0036173672885881,-2.337299814261437e-05,val
2022-08-26,0.0037042641345719,-2.337299814261437e-05,val
2022-08-29,-0.0021007360299013,-2.337299814261437e-05,val
2022-08-30,0.0047952139836437,-2.337299814261437e-05,val
2022-08-31,-0.0033942330680156,-2.337299814261437e-05,val
2022-09-01,0.0003999200213268,-2.337299814261437e-05,val
2022-09-02,-0.0011001651357203,-2.337299814261437e-05,val
2022-09-05,-0.0073319265828707,-2.337299814261437e-05,val
2022-09-06,0.0008061266055245,-2.337299814261437e-05,val
2022-09-07,-0.0043405912797258,-2.337299814261437e-05,val
2022-09-08,0.0124662316143012,-2.337299814261437e-05,val
2022-09-09,0.0039884388299399,-2.337299814261437e-05,val
2022-09-12,0.0104930679655265,-2.337299814261437e-05,val
2022-09-13,0.0019675362963106,-2.337299814261437e-05,val
2022-09-14,-0.0183491386681966,-2.337299814261437e-05,val
2022-09-15,0.0002001801628143,-2.337299814261437e-05,val
2022-09-16,-0.003810292386914,-2.337299814261437e-05,val
2022-09-19,0.0036101122240997,-2.337299814261437e-05,val
2022-09-20,-0.0004004805820445,-2.337299814261437e-05,val
2022-09-21,-0.0080434779123716,-2.337299814261437e-05,val
2022-09-22,-0.0022233460396824,-2.337299814261437e-05,val
2022-09-23,-0.0132398308385026,-2.337299814261437e-05,val
2022-09-26,-0.0111341356410807,-2.337299814261437e-05,val
2022-09-27,-0.0002073613278555,-2.337299814261437e-05,val
2022-09-28,-0.0082253574267084,-2.337299814261437e-05,val
2022-09-29,0.0146336480908082,-2.337299814261437e-05,val
2022-09-30,0.0043178847799352,-2.337299814261437e-05,val
2022-10-03,0.0016400167677538,-2.337299814261437e-05,val
2022-10-04,0.01292310022699,-2.337299814261437e-05,val
2022-10-05,0.0024235092140557,-2.337299814261437e-05,val
2022-10-06,-0.0055625933572153,-2.337299814261437e-05,val
2022-10-07,-0.0064099522520388,-2.337299814261437e-05,val
2022-10-10,-0.010259657040096,-2.337299814261437e-05,val
2022-10-11,0.0026776535051108,-2.337299814261437e-05,val
2022-10-12,-0.0017499618444956,-2.337299814261437e-05,val
2022-10-13,0.0033941919960378,-2.337299814261437e-05,val
2022-10-14,-0.0022615141217602,-2.337299814261437e-05,val
2022-10-17,0.0022615141217602,-2.337299814261437e-05,val
2022-10-18,0.0098090088619603,-2.337299814261437e-05,val
2022-10-19,-0.0058124876845685,-2.6177469756685557e-05,val
2022-10-20,0.0033692410247999,-2.6177469756685557e-05,val
2022-10-21,-0.0082903089833401,-2.6177469756685557e-05,val
2022-10-24,0.0123590766756283,-2.6177469756685557e-05,val
2022-10-25,0.0010146104766498,-2.6177469756685557e-05,val
2022-10-26,0.0162948686925371,-2.6177469756685557e-05,val
2022-10-27,0.001395812788934,-2.6177469756685557e-05,val
2022-10-28,-0.0086052161986382,-2.6177469756685557e-05,val
2022-10-31,-0.0037251490346429,-2.6177469756685557e-05,val
2022-11-01,0.0033230985718948,-2.6177469756685557e-05,val
2022-11-02,-0.0039284865431637,-2.6177469756685557e-05,val
2022-11-03,-0.0157675816372352,-2.6177469756685557e-05,val
2022-11-04,0.012127537173154,-2.6177469756685557e-05,val
2022-11-07,0.0121823807166203,-2.6177469756685557e-05,val
2022-11-08,0.0003001650930537,-2.6177469756685557e-05,val
2022-11-09,0.0042924947366836,-2.6177469756685557e-05,val
2022-11-10,-0.0085030272730271,-2.6177469756685557e-05,val
2022-11-11,0.0349458123537562,-2.6177469756685557e-05,val
2022-11-14,0.0010665633434586,-2.6177469756685557e-05,val
2022-11-15,0.0082034914528276,-2.6177469756685557e-05,val
2022-11-16,0.0007686395459136,-2.225370566813089e-05,val
2022-11-17,-0.0089721309987414,-2.225370566813089e-05,val
2022-11-18,0.0045443636339375,-2.225370566813089e-05,val
2022-11-21,-0.0116438342505042,-2.225370566813089e-05,val
2022-11-22,0.0027290465280656,-2.225370566813089e-05,val
2022-11-23,0.0049517068020201,-2.225370566813089e-05,val
2022-11-24,0.0084868867006623,-2.225370566813089e-05,val
2022-11-25,-0.0036559594309966,-2.225370566813089e-05,val
2022-11-28,0.0084461582821481,-2.225370566813089e-05,val
2022-11-29,-0.0093140046313954,-2.225370566813089e-05,val
2022-11-30,0.0009642272466279,-2.225370566813089e-05,val
2022-12-01,0.0074892332765872,-2.225370566813089e-05,val
2022-12-02,0.0080030914963638,-2.225370566813089e-05,val
2022-12-05,0.0046390615741485,-2.225370566813089e-05,val
2022-12-06,-0.0067289264936078,-2.225370566813089e-05,val
2022-12-07,0.0012354480069872,-2.225370566813089e-05,val
2022-12-08,-0.000950209117485,-2.225370566813089e-05,val
2022-12-09,0.0037954310672401,-2.225370566813089e-05,val
2022-12-12,0.0002840774603641,-2.225370566813089e-05,val
2022-12-13,-0.0016108403540035,-2.225370566813089e-05,val
2022-12-14,0.0098141771025087,-1.685956002785496e-05,val
2022-12-15,-0.002632817693844,-1.685956002785496e-05,val
2022-12-16,-0.000188323917694,-1.685956002785496e-05,val
2022-12-19,-0.0019795453511381,-1.685956002785496e-05,val
2022-12-20,9.435297454743449e-05,-1.685956002785496e-05,val
2022-12-21,0.0034848163356555,-1.685956002785496e-05,val
2022-12-22,-0.0002821007118244,-1.685956002785496e-05,val
2022-12-23,-0.0010350506687415,-1.685956002785496e-05,val
2022-12-27,0.0001882707338705,-1.685956002785496e-05,val
2022-12-28,0.0015048911794203,-1.685956002785496e-05,val
2022-12-29,0.0008455071197482,-1.685956002785496e-05,val
2022-12-30,0.0015951211451637,-1.685956002785496e-05,val
2023-01-02,0.0015925807853398,-1.685956002785496e-05,val
2023-01-03,-0.0130018790330125,-1.685956002785496e-05,val
2023-01-04,0.00510784311438,-1.685956002785496e-05,val
2023-01-05,0.0001886792458427,-1.685956002785496e-05,val
2023-01-06,-0.0095730791274829,-1.685956002785496e-05,val
2023-01-09,0.0184945826361645,-1.685956002785496e-05,val
2023-01-10,0.0025211274383664,-1.685956002785496e-05,val
2023-01-11,0.0022356786210075,-1.685956002785496e-05,val
2023-01-12,0.0023235290903361,-1.3947931036399037e-05,val
2023-01-13,0.0038914160104606,-1.3947931036399037e-05,val
2023-01-16,-0.0001849625456118,-1.3947931036399037e-05,val
2023-01-17,0.0028630820758438,-1.3947931036399037e-05,val
2023-01-18,-0.000368969656432,-1.3947931036399037e-05,val
2023-01-19,-0.0022166814285909,-1.3947931036399037e-05,val
2023-01-20,0.0010165889697642,-1.3947931036399037e-05,val
2023-01-23,0.004148044847077,-1.3947931036399037e-05,val
2023-01-24,-0.0011965577386037,-1.3947931036399037e-05,val
2023-01-25,0.0018402655175097,-1.3947931036399037e-05,val
2023-01-26,0.0015615673958141,-1.3947931036399037e-05,val
2023-01-27,-0.0027573546881901,-1.3947931036399037e-05,val
2023-01-30,0.0034913670158517,-1.3947931036399037e-05,val
2023-01-31,-0.0064409497608144,-1.3947931036399037e-05,val
2023-02-01,0.0056151479980522,-1.3947931036399037e-05,val
2023-02-02,0.0085915892715446,-1.3947931036399037e-05,val
2023-02-03,-0.0046522318799387,-1.3947931036399037e-05,val
2023-02-06,-0.0148300972450259,-1.3947931036399037e-05,val
2023-02-07,-0.0070776976402022,-1.3947931036399037e-05,val
2023-02-08,0.0032656898628837,-1.3947931036399037e-05,val
2023-02-09,0.0033479060378888,-1.3947931036399037e-05,val
2023-02-10,-0.0075486123316792,-1.3947931036399037e-05,val
2023-02-13,-0.0003742515013742,-1.3947931036399037e-05,val
2023-02-14,0.0068081400761925,-1.3947931036399037e-05,val
2023-02-15,-0.0054988721439116,-1.3947931036399037e-05,val
2023-02-16,0.0,-1.3947931036399037e-05,val
2023-02-17,-0.00703402665738,-1.3947931036399037e-05,val
2023-02-20,0.0046011631012725,-1.3947931036399037e-05,val
2023-02-21,-0.0009372950353454,-1.3947931036399037e-05,val
2023-02-22,-0.0018772297609647,-1.3947931036399037e-05,val
2023-02-23,-0.0026340560855362,-1.3947931036399037e-05,val
2023-02-24,-0.0043424971477602,-1.3947931036399037e-05,val
2023-02-27,-0.0015148648986702,-1.3947931036399037e-05,val
2023-02-28,0.0061399144382326,-1.3947931036399037e-05,val
2023-03-01,0.0061024458260058,-1.3947931036399037e-05,val
2023-03-02,-0.0074217072310686,-1.3947931036399037e-05,val
2023-03-03,0.0009425071385737,-1.3947931036399037e-05,val
2023-03-06,0.0029161395953461,-1.3947931036399037e-05,val
2023-03-07,0.0017831171727481,-1.3947931036399037e-05,val
2023-03-08,-0.0113155379925759,-1.3947931036399037e-05,val
2023-03-09,0.0008531210527382,-1.4145836747682006e-05,val
2023-03-10,0.0030274384523198,-1.4145836747682006e-05,val
2023-03-13,0.0112719585353938,-1.4145836747682006e-05,val
2023-03-14,0.002891388480809,-1.4145836747682006e-05,val
2023-03-15,-0.0176646517523269,-1.4145836747682006e-05,val
2023-03-16,0.0043511230205908,-1.4145836747682006e-05,val
2023-03-17,0.0026392700776138,-1.4145836747682006e-05,val
2023-03-20,0.0088098039329836,-1.4145836747682006e-05,val
2023-03-21,0.0054901733772026,-1.4145836747682006e-05,val
2023-03-22,0.000834840733057,-1.4145836747682006e-05,val
2023-03-23,0.0086780455978259,-1.4145836747682006e-05,val
2023-03-24,-0.0123937953444719,-1.4145836747682006e-05,val
2023-03-27,0.0026024738175816,-1.4145836747682006e-05,val
2023-03-28,0.0062922387670994,-1.4145836747682006e-05,val
2023-03-29,0.0005533013789258,-1.4145836747682006e-05,val
2023-03-30,0.0035890159539278,-1.4145836747682006e-05,val
2023-03-31,-0.0010109830372605,-1.4145836747682006e-05,val
2023-04-03,-0.0004598758416296,-1.4145836747682006e-05,val
2023-04-04,0.0028478270131035,-1.4145836747682006e-05,val
2023-04-05,0.0035712688476137,-1.4145836747682006e-05,val
2023-04-06,-0.002287806991928,-1.3846274108333578e-05,val
2023-04-11,-0.0009165903483147,-1.3846274108333578e-05,val
2023-04-12,0.0015577040763695,-1.3846274108333578e-05,val
2023-04-13,0.0084788765243443,-1.3846274108333578e-05,val
2023-04-14,0.0038057313059583,-1.3846274108333578e-05,val
2023-04-17,-0.0068972049446883,-1.3846274108333578e-05,val
2023-04-18,-0.0008199335402194,-1.3846274108333578e-05,val
2023-04-19,-0.003560834623009,-1.3846274108333578e-05,val
2023-04-20,0.001005622427847,-1.3846274108333578e-05,val
2023-04-21,0.0031019092475029,-1.3846274108333578e-05,val
2023-04-24,0.0021838043255689,-1.3846274108333578e-05,val
2023-04-25,0.0018162010077773,-1.3846274108333578e-05,val
2023-04-26,0.0015411815751711,-1.3846274108333578e-05,val
2023-04-27,0.0002717268256382,-1.3846274108333578e-05,val
2023-04-28,-0.0055396772462767,-1.3846274108333578e-05,val
2023-05-02,-0.0014581247457247,-1.3846274108333578e-05,val
2023-05-03,0.0070883611951423,-1.3846274108333578e-05,val
2023-05-04,0.0028032753357815,-1.3846274108333578e-05,val
2023-05-05,-0.0054328275604856,-1.3846274108333578e-05,val
2023-05-08,0.0020860739504571,-1.3846274108333578e-05,val
2023-05-09,-0.0070922283094916,-9.330133333648007e-06,val
2023-05-10,-0.0008215802187453,-9.330133333648007e-06,val
2023-05-11,-0.0018281540740625,-9.330133333648007e-06,val
2023-05-12,-0.003482727376934,-9.330133333648007e-06,val
2023-05-15,-0.0014700480412889,-9.330133333648007e-06,val
2023-05-16,0.0004596221986509,-9.330133333648007e-06,val
2023-05-17,-0.0047904283226327,-9.330133333648007e-06,val
2023-05-18,-0.0014786066828423,-9.330133333648007e-06,val
2023-05-19,-0.0004625133055023,-9.330133333648007e-06,val
2023-05-22,0.0012944985626457,-9.330133333648007e-06,val
2023-05-23,-0.0039813024210521,-9.330133333648007e-06,val
2023-05-24,0.0005564830416282,-9.330133333648007e-06,val
2023-05-25,-0.0046468485103754,-9.330133333648007e-06,val
2023-05-26,0.0014893421723467,-9.330133333648007e-06,val
2023-05-29,-0.0033541445775506,-9.330133333648007e-06,val
2023-05-30,0.0027028302953962,-9.330133333648007e-06,val
2023-05-31,-0.005693766257186,-9.330133333648007e-06,val
2023-06-01,0.0013096353602434,-9.330133333648007e-06,val
2023-06-02,0.0061509979581672,-9.330133333648007e-06,val
2023-06-05,-0.0068056012452073,-9.330133333648007e-06,val
2023-06-06,-0.0006550320732034,-9.719041493246095e-06,val
2023-06-07,0.0031775727671096,-9.719041493246095e-06,val
2023-06-08,0.0018644547211384,-9.719041493246095e-06,val
2023-06-09,0.0039968450288526,-9.719041493246095e-06,val
2023-06-12,-0.0013924346645248,-9.719041493246095e-06,val
2023-06-13,0.0025976450268828,-9.719041493246095e-06,val
2023-06-14,0.0014813445908565,-9.719041493246095e-06,val
2023-06-15,0.0009247272713706,-9.719041493246095e-06,val
2023-06-16,0.0134957292764203,-9.719041493246095e-06,val
2023-06-19,-0.0040204732518946,-9.719041493246095e-06,val
2023-06-20,0.0010066347223857,-9.719041493246095e-06,val
2023-06-21,-0.0009150805909415,-9.719041493246095e-06,val
2023-06-22,0.0056600479751673,-9.719041493246095e-06,val
2023-06-23,-0.0092368849155736,-9.719041493246095e-06,val
2023-06-26,0.003118982438566,-9.719041493246095e-06,val
2023-06-27,0.0030179729340561,-9.719041493246095e-06,val
2023-06-28,-0.001187811369041,-9.719041493246095e-06,val
2023-06-29,0.0,-9.719041493246095e-06,val
2023-06-30,-0.0066043167952497,-9.719041493246095e-06,val
2023-07-03,0.0030323937778433,-9.719041493246095e-06,val
2023-07-04,-0.0003670735105914,-1.0145357430269446e-05,val
2023-07-05,-0.0014696429576374,-1.0145357430269446e-05,val
2023-07-06,0.0018367164682289,-1.0145357430269446e-05,val
2023-07-07,-0.0010097765580097,-1.0145357430269446e-05,val
2023-07-10,0.0062259860516667,-1.0145357430269446e-05,val
2023-07-11,0.0030075210639553,-1.0145357430269446e-05,val
2023-07-12,0.0029985029962566,-1.0145357430269446e-05,val
2023-07-13,0.0144120671434098,-1.0145357430269446e-05,val
2023-07-14,0.0034816800782755,-1.0145357430269446e-05,val
2023-07-17,0.0008017460676226,-1.0145357430269446e-05,val
2023-07-18,0.0022237056083436,-1.0145357430269446e-05,val
2023-07-19,-0.0029363370299151,-1.0145357430269446e-05,val
2023-07-20,-0.0022302520507205,-1.0145357430269446e-05,val
2023-07-21,-0.0066308486681675,-1.0145357430269446e-05,val
2023-07-24,-0.0024303535973618,-1.0145357430269446e-05,val
2023-07-25,-0.0040637614058852,-1.0145357430269446e-05,val
2023-07-26,0.0007236544865778,-1.0145357430269446e-05,val
2023-07-27,0.0059502519590809,-1.0145357430269446e-05,val
2023-07-28,-0.0103908773177153,-1.0145357430269446e-05,val
2023-07-31,0.0011800482465897,-1.0145357430269446e-05,val
2023-08-01,-0.0048197246940396,-9.981834813822294e-06,val
2023-08-02,0.0013664315494347,-9.981834813822294e-06,val
2023-08-03,-0.004836437770752,-9.981834813822294e-06,val
2023-08-04,0.0012798246559049,-9.981834813822294e-06,val
2023-08-07,0.0034655757439436,-9.981834813822294e-06,val
2023-08-08,-0.0036483075854753,-9.981834813822294e-06,val
2023-08-09,0.0021905813798186,-9.981834813822294e-06,val
2023-08-10,0.0046391132456267,-9.981834813822294e-06,val
2023-08-11,-0.0013622124433119,-9.981834813822294e-06,val
2023-08-14,-0.0067475408738809,-9.981834813822294e-06,val
2023-08-15,-0.0003660322149212,-9.981834813822294e-06,val
2023-08-16,-0.000915667127434,-9.981834813822294e-06,val
2023-08-17,-0.0014668136109938,-9.981834813822294e-06,val
2023-08-18,-0.0030321151543835,-9.981834813822294e-06,val
2023-08-21,0.0037657909026274,-9.981834813822294e-06,val
2023-08-22,-0.0019270480842991,-9.981834813822294e-06,val
2023-08-23,-0.0075604269401937,-9.981834813822294e-06,val
2023-08-24,0.0032340060526508,-9.981834813822294e-06,val
2023-08-25,-0.0029563953536024,-9.981834813822294e-06,val
2023-08-28,0.0,-9.981834813822294e-06,val
2023-08-29,-0.0004627273230498,-1.1160395168368929e-05,val
2023-08-30,0.0076536866771603,-1.1160395168368929e-05,val
2023-08-31,-0.0016548684479069,-1.1160395168368929e-05,val
2023-09-01,-0.0022107599276821,-1.1160395168368929e-05,val
2023-09-04,-0.0039732092000819,-1.1160395168368929e-05,val
2023-09-05,-0.0065019734913467,-1.1160395168368929e-05,val
2023-09-06,0.0013037811494835,-1.1160395168368929e-05,val
2023-09-07,-0.0032626456348163,-1.1160395168368929e-05,val
2023-09-08,-0.0005603810737846,-1.1160395168368929e-05,val
2023-09-11,0.0018667169878403,-1.1160395168368929e-05,val
2023-09-12,-0.0010262630932919,-1.1160395168368929e-05,val
2023-09-13,0.0018651502189663,-1.1160395168368929e-05,val
2023-09-14,-0.0002795508567802,-1.1160395168368929e-05,val
2023-09-15,-0.0067327727680164,-1.1160395168368929e-05,val
2023-09-18,0.0004690211614518,-1.1160395168368929e-05,val
2023-09-19,0.0046781522443785,-1.1160395168368929e-05,val
2023-09-20,-0.001027317391308,-1.1160395168368929e-05,val
2023-09-21,-0.0062801912369124,-1.1160395168368929e-05,val
2023-09-22,0.0011277136802686,-1.1160395168368929e-05,val
2023-09-25,-0.00131578966352,-1.1160395168368929e-05,val
2023-09-26,-0.0026367846523032,-1.1719685820379014e-05,val
2023-09-27,-0.0065276235756658,-1.1719685820379014e-05,val
2023-09-28,0.0002846975108197,-1.1719685820379014e-05,val
2023-09-29,0.0052051411705351,-1.1719685820379014e-05,val
2023-10-02,-0.0060594769764507,-1.1719685820379014e-05,val
2023-10-03,-0.0058098168086662,-1.1719685820379014e-05,val
2023-10-04,0.0026709927164429,-1.1719685820379014e-05,val
2023-10-05,0.0027588848779264,-1.1719685820379014e-05,val
2023-10-06,0.003508941909438,-1.1719685820379014e-05,val
2023-10-09,-0.003034040442565,-1.1719685820379014e-05,val
2023-10-10,0.00483115608348,-1.1719685820379014e-05,val
2023-10-11,0.002076843944839,-1.1719685820379014e-05,val
2023-10-12,0.0014135609949293,-1.1719685820379014e-05,val
2023-10-13,-0.0089864862436622,-1.1719685820379014e-05,val
2023-10-16,0.0013294086090479,-1.1719685820379014e-05,val
2023-10-17,0.002937416240116,-1.1719685820379014e-05,val
2023-10-18,-0.0003785369591901,-1.1719685820379014e-05,val
2023-10-19,-0.0006627846665954,-1.1719685820379014e-05,val
2023-10-20,0.0031207174601075,-1.1719685820379014e-05,val
2023-10-23,0.0005663583311668,-1.1719685820379014e-05,val
2023-10-24,0.003297379218245,-1.3496013777570189e-05,val
2023-10-25,-0.0052810383016135,-1.3496013777570189e-05,val
2023-10-26,-0.0034097399961142,-1.3496013777570189e-05,val
2023-10-27,9.487215983579062e-05,-1.3496013777570189e-05,val
2023-10-30,0.0060531727435936,-1.3496013777570189e-05,val
2023-10-31,0.0013192614050628,-1.3496013777570189e-05,val
2023-11-01,-0.0077519768043179,-1.3496013777570189e-05,val
2023-11-02,0.0116993503509475,-1.3496013777570189e-05,val
2023-11-03,0.0038384169207747,-1.3496013777570189e-05,val
2023-11-06,0.003637554726797,-1.3496013777570189e-05,val
2023-11-07,-0.0051337210803304,-1.3496013777570189e-05,val
2023-11-08,-0.0014046919011518,-1.3496013777570189e-05,val
2023-11-09,0.0018724843969349,-1.3496013777570189e-05,val
2023-11-10,-0.0007485730676123,-1.3496013777570189e-05,val
2023-11-13,-0.0012176276500884,-1.3496013777570189e-05,val
2023-11-14,0.0050481550600509,-1.3496013777570189e-05,val
2023-11-15,0.0133384711903885,-1.3496013777570189e-05,val
2023-11-16,-0.0017497817237877,-1.3496013777570189e-05,val
2023-11-17,0.0021177670085288,-1.3496013777570189e-05,val
2023-11-20,0.0051376259795916,-1.3496013777570189e-05,val
2023-11-21,0.0024676702189954,-1.3496013777570189e-05,val
2023-11-22,-0.0040245183744681,-1.3496013777570189e-05,val
2023-11-23,-0.0010086654378635,-1.3496013777570189e-05,val
2023-11-24,0.0014668136109938,-1.3496013777570189e-05,val
2023-11-27,0.00320117344753,-1.3496013777570189e-05,val
2023-11-28,-0.0001826484023342,-1.3496013777570189e-05,val
2023-11-29,0.0032825779452858,-1.3496013777570189e-05,val
2023-11-30,-0.0049279165248751,-1.3496013777570189e-05,val
2023-12-01,-0.0051362123369506,-1.3496013777570189e-05,val
2023-12-04,-0.0006438854106464,-1.3496013777570189e-05,val
2023-12-05,-0.0047037209159486,-1.3496013777570189e-05,val
2023-12-06,-0.0036119511368475,-1.3496013777570189e-05,val
2023-12-07,-0.0006496821426719,-1.3496013777570189e-05,val
2023-12-08,0.0005568962460615,-1.3496013777570189e-05,val
2023-12-11,-0.0018575281648262,-1.3496013777570189e-05,val
2023-12-12,0.0043597304805006,-1.3496013777570189e-05,val
2023-12-13,-0.0015747305370772,-1.3496013777570189e-05,val
2023-12-14,0.0121626856386372,-1.3496013777570189e-05,val
2023-12-15,0.0024697016897971,-1.3496013777570189e-05,val
2023-12-18,-0.0025612893621604,-1.3496013777570189e-05,val
2023-12-19,0.0040219432643586,-1.246861724185309e-05,val
2023-12-20,-0.00164338574373,-1.246861724185309e-05,val
2023-12-21,0.0035572619260142,-1.246861724185309e-05,val
2023-12-22,0.0036353761749695,-1.246861724185309e-05,val
2023-12-27,0.0038029745218344,-1.246861724185309e-05,val
2023-12-28,0.0044186013547165,-1.246861724185309e-05,val
2023-12-29,-0.0057751468939675,-1.246861724185309e-05,val
2024-01-02,-0.0085431765629302,-1.246861724185309e-05,test
2024-01-03,-0.0033828603689023,-1.246861724185309e-05,test
2024-01-04,0.0031090003096802,-1.246861724185309e-05,test
2024-01-05,-0.002925850126018,-1.246861724185309e-05,test
2024-01-08,0.0022865515061349,-1.246861724185309e-05,test
2024-01-09,-0.0005482957278912,-1.246861724185309e-05,test
2024-01-10,0.0005482957278912,-1.246861724185309e-05,test
2024-01-11,0.0037386629970173,-1.246861724185309e-05,test
2024-01-12,-0.0041041600771096,-1.246861724185309e-05,test
2024-01-15,0.0002741353331921,-1.246861724185309e-05,test
2024-01-16,-0.0057726829110926,-1.246861724185309e-05,test
2024-01-17,-0.0004595799520205,-1.246861724185309e-05,test
2024-01-18,-0.0001838911369654,-1.246861724185309e-05,test
2024-01-19,0.0011028399242951,-1.204489763791918e-05,test
2024-01-22,0.0002755200458261,-1.204489763791918e-05,test
2024-01-23,-0.0016542600960265,-1.204489763791918e-05,test
2024-01-24,0.0030307228047497,-1.204489763791918e-05,test
2024-01-25,-0.001101018553284,-1.204489763791918e-05,test
2024-01-26,-0.002021687878445,-1.204489763791918e-05,test
2024-01-29,-0.0044251939088538,-1.204489763791918e-05,test
2024-01-30,0.0021228491058595,-1.204489763791918e-05,test
2024-01-31,-0.0008301434780106,-1.204489763791918e-05,test
2024-02-01,-0.0021246139810452,-1.204489763791918e-05,test
2024-02-02,0.0063603477541116,-1.204489763791918e-05,test
2024-02-05,-0.0126683464072949,-1.204489763791918e-05,test
2024-02-06,-0.0002792126222243,-1.204489763791918e-05,test
2024-02-07,0.0030670594236573,-1.204489763791918e-05,test
2024-02-08,-0.0016717752570118,-1.204489763791918e-05,test
2024-02-09,0.0013005110983015,-1.204489763791918e-05,test
2024-02-12,9.282896270300984e-05,-1.204489763791918e-05,test
2024-02-13,0.0018547719311537,-1.204489763791918e-05,test
2024-02-14,-0.0074398185627881,-1.204489763791918e-05,test
2024-02-15,0.0027964224039844,-1.204489763791918e-05,test
2024-02-16,0.0023243932179665,-1.216388986745447e-05,test
2024-02-19,0.0007426662056908,-1.216388986745447e-05,test
2024-02-20,0.0024098630626366,-1.216388986745447e-05,test
2024-02-21,0.0006478182633664,-1.216388986745447e-05,test
2024-02-22,0.0032328112023533,-1.216388986745447e-05,test
2024-02-23,-0.000922594400712,-1.216388986745447e-05,test
2024-02-26,0.0016600575609783,-1.216388986745447e-05,test
2024-02-27,0.0003685277358826,-1.216388986745447e-05,test
2024-02-28,-0.0044313218746701,-1.216388986745447e-05,test
2024-02-29,0.0016640477168885,-1.216388986745447e-05,test
2024-03-01,-0.0012015344113862,-1.216388986745447e-05,test
2024-03-04,0.0030472344554689,-1.216388986745447e-05,test
2024-03-05,0.0002765614214447,-1.216388986745447e-05,test
2024-03-06,0.0023017088834152,-1.216388986745447e-05,test
2024-03-07,0.0019293496728542,-1.216388986745447e-05,test
2024-03-08,0.0033902996692384,-1.216388986745447e-05,test
2024-03-11,-0.0005489980922956,-1.216388986745447e-05,test
2024-03-12,-0.000915667127434,-1.216388986745447e-05,test
2024-03-13,0.0021047822915618,-1.216388986745447e-05,test
2024-03-14,-0.001280644156,-1.216388986745447e-05,test
2024-03-15,-0.0030251661701407,-1.1546887448213178e-05,test
2024-03-18,0.0,-1.1546887448213178e-05,test
2024-03-19,-0.0034948991703001,-1.1546887448213178e-05,test
2024-03-20,-0.0009217440047938,-1.1546887448213178e-05,test
2024-03-21,0.0057928533101866,-1.1546887448213178e-05,test
2024-03-22,-0.0077312856335964,-1.1546887448213178e-05,test
2024-03-25,0.0011081356753128,-1.1546887448213178e-05,test
2024-03-26,0.0018441683419328,-1.1546887448213178e-05,test
2024-03-27,-0.0035992840296468,-1.1546887448213178e-05,test
2024-03-28,-0.0004623849899738,-1.1546887448213178e-05,test
2024-04-02,-0.0057514073197078,-1.1546887448213178e-05,test
2024-04-03,0.0031580929090089,-1.1546887448213178e-05,test
2024-04-04,0.0063785748967498,-1.1546887448213178e-05,test
2024-04-05,-0.0010141521175305,-1.1546887448213178e-05,test
2024-04-08,-0.0016617433661453,-1.1546887448213178e-05,test
2024-04-09,0.004057174767705,-1.1546887448213178e-05,test
2024-04-10,-0.0006443595749251,-1.1546887448213178e-05,test
2024-04-11,-0.0121359588511803,-1.1546887448213178e-05,test
2024-04-12,-0.0072026877029234,-1.1546887448213178e-05,test
2024-04-15,0.0003754458463477,-1.1546887448213178e-05,test
2024-04-16,-0.0017846245285055,-1.1546887448213178e-05,test
2024-04-17,9.40070505980005e-05,-1.1546887448213178e-05,test
2024-04-18,0.0038466998692822,-1.1546887448213178e-05,test
2024-04-19,-0.0024376535603477,-1.1546887448213178e-05,test
2024-04-22,-0.0019732212181163,-1.1546887448213178e-05,test
2024-04-23,0.0039425565008087,-1.1546887448213178e-05,test
2024-04-24,0.0011235956238264,-1.1546887448213178e-05,test
2024-04-25,0.0031766821070764,-1.1546887448213178e-05,test
2024-04-26,-0.0005598581838875,-1.1546887448213178e-05,test
2024-04-29,0.0005598581838874,-1.1546887448213178e-05,test
2024-04-30,-0.0001865845699973,-1.1546887448213178e-05,test
2024-05-02,-0.0018677629636002,-1.1546887448213178e-05,test
2024-05-03,0.004290651111878,-1.1546887448213178e-05,test
2024-05-06,0.0029739798871262,-1.1546887448213178e-05,test
2024-05-07,-0.0009284189692972,-1.1546887448213178e-05,test
2024-05-08,-0.0021386404543601,-1.1546887448213178e-05,test
2024-05-09,-0.0010244471210277,-1.1546887448213178e-05,test
2024-05-10,0.0043698642361137,-1.1546887448213178e-05,test
2024-05-13,0.001483267167279,-1.1546887448213178e-05,test
2024-05-14,9.263118898758688e-05,-1.1546887448213178e-05,test
2024-05-15,0.003329021014161,-1.1994129233775376e-05,test
2024-05-16,0.0031339319594121,-1.1994129233775376e-05,test
2024-05-17,-0.0020267164929122,-1.1994129233775376e-05,test
2024-05-20,0.00156645966148,-1.1994129233775376e-05,test
2024-05-21,0.0002761795184413,-1.1994129233775376e-05,test
2024-05-22,-0.0031345098034411,-1.1994129233775376e-05,test
2024-05-23,0.0022136146283137,-1.1994129233775376e-05,test
2024-05-24,-0.0012906796297128,-1.1994129233775376e-05,test
2024-05-27,0.0002767144785446,-1.1994129233775376e-05,test
2024-05-28,0.0035903375736887,-1.1994129233775376e-05,test
2024-05-29,-0.0023000148140184,-1.1994129233775376e-05,test
2024-05-30,-0.0038759738446931,-1.1994129233775376e-05,test
2024-05-31,0.0034153353916633,-1.1994129233775376e-05,test
2024-06-03,-0.0009219139585387,-1.1994129233775376e-05,test
2024-06-04,0.0021191328702464,-1.1994129233775376e-05,test
2024-06-05,0.0006440631404496,-1.1994129233775376e-05,test
2024-06-06,-0.0006440631404495,-1.1994129233775376e-05,test
2024-06-07,0.0030326724525137,-1.1994129233775376e-05,test
2024-06-10,-0.0131155477542885,-1.1994129233775376e-05,test
2024-06-11,-0.002420181764011,-1.1994129233775376e-05,test
2024-06-12,0.0032565741737193,-1.2205215583368427e-05,test
2024-06-13,0.0017634233536249,-1.2205215583368427e-05,test
2024-06-14,-0.0091290806343716,-1.2205215583368427e-05,test
2024-06-17,0.0024301348532916,-1.2205215583368427e-05,test
2024-06-18,0.0002800205366688,-1.2205215583368427e-05,test
2024-06-19,0.0031680980653862,-1.2205215583368427e-05,test
2024-06-20,-0.0027948592815438,-1.2205215583368427e-05,test
2024-06-21,-0.0028962509150926,-1.2205215583368427e-05,test
2024-06-24,0.0039219398483172,-1.2205215583368427e-05,test
2024-06-25,-0.0014922591838385,-1.2205215583368427e-05,test
2024-06-26,-0.0023361221669598,-1.2205215583368427e-05,test
2024-06-27,0.0006546645078335,-1.2205215583368427e-05,test
2024-06-28,0.0008410822420038,-1.2205215583368427e-05,test
2024-07-01,0.0037296080528276,-1.2205215583368427e-05,test
2024-07-02,-0.0014901744398646,-1.2205215583368427e-05,test
2024-07-03,0.0026993081964418,-1.2205215583368427e-05,test
2024-07-04,0.0038964702791231,-1.2205215583368427e-05,test
2024-07-05,0.0022197567383128,-1.2205215583368427e-05,test
2024-07-08,0.0010157441198354,-1.2205215583368427e-05,test
2024-07-09,-0.0019400440285092,-1.2205215583368427e-05,test
2024-07-10,0.0010166829287406,-1.223118019554457e-05,test
2024-07-11,0.0027675294417015,-1.223118019554457e-05,test
2024-07-12,0.0032191336146139,-1.223118019554457e-05,test
2024-07-15,0.0015598480017368,-1.223118019554457e-05,test
2024-07-16,-0.0004585263045167,-1.223118019554457e-05,test
2024-07-17,0.0029309418307183,-1.223118019554457e-05,test
2024-07-18,-0.0003658982843603,-1.223118019554457e-05,test
2024-07-19,-0.003666365243578,-1.223118019554457e-05,test
2024-07-22,-0.0001836715957041,-1.223118019554457e-05,test
2024-07-23,-0.0025749508433755,-1.223118019554457e-05,test
2024-07-24,-0.0011055833077497,-1.223118019554457e-05,test
2024-07-25,0.0002765104400308,-1.223118019554457e-05,test
2024-07-26,0.0008290728677188,-1.223118019554457e-05,test
2024-07-29,-0.0039673438576368,-1.223118019554457e-05,test
2024-07-30,0.0006469202203344,-1.223118019554457e-05,test
2024-07-31,0.0003694808835677,-1.223118019554457e-05,test
2024-08-01,-0.0036082751828517,-1.223118019554457e-05,test
2024-08-02,0.0042545384191192,-1.223118019554457e-05,test
2024-08-05,0.0120179419935344,-1.223118019554457e-05,test
2024-08-06,-0.0046615869799496,-1.223118019554457e-05,test
2024-08-07,0.0006411137280547,-1.1886487071248583e-05,test
2024-08-08,0.000732198458485,-1.1886487071248583e-05,test
2024-08-09,-0.0011900948903148,-1.1886487071248583e-05,test
2024-08-12,0.0007325336835214,-1.1886487071248583e-05,test
2024-08-13,0.0005490483300445,-1.1886487071248583e-05,test
2024-08-14,0.0080182661939417,-1.1886487071248583e-05,test
2024-08-15,-0.000726282374186,-1.1886487071248583e-05,test
2024-08-16,-0.0015451036929854,-1.1886487071248583e-05,test
2024-08-19,0.0042659470185314,-1.1886487071248583e-05,test
2024-08-20,0.0038870105437319,-1.1886487071248583e-05,test
2024-08-21,0.0028828848795251,-1.1886487071248583e-05,test
2024-08-22,0.0017077888290736,-1.1886487071248583e-05,test
2024-08-23,-0.0012580878726259,-1.1886487071248583e-05,test
2024-08-26,0.0037695251958901,-1.1886487071248583e-05,test
2024-08-27,-8.958566635332072e-05,-1.1886487071248583e-05,test
2024-08-28,-0.004039684114764,-1.1886487071248583e-05,test
2024-08-29,-0.0026120258039304,-1.1886487071248583e-05,test
2024-08-30,-9.019165733278042e-05,-1.1886487071248583e-05,test
2024-09-02,-0.0023478428700974,-1.1886487071248583e-05,test
2024-09-03,-0.0023533682114175,-1.1886487071248583e-05,test
2024-09-04,0.001358388255062,-1.0653336661948735e-05,test
2024-09-05,0.0042443735546647,-1.0653336661948735e-05,test
2024-09-06,0.000540540553702,-1.0653336661948735e-05,test
2024-09-09,-0.0054185990071348,-1.0653336661948735e-05,test
2024-09-10,-0.0010872520777491,-1.0653336661948735e-05,test
2024-09-11,0.0010872520777492,-1.0653336661948735e-05,test
2024-09-12,-0.0024479816386402,-1.0653336661948735e-05,test
2024-09-13,0.0058831685278348,-1.0653336661948735e-05,test
2024-09-16,0.004052781698913,-1.0653336661948735e-05,test
2024-09-17,0.0011677522099511,-1.0653336661948735e-05,test
2024-09-18,-0.0013475274913341,-1.0653336661948735e-05,test
2024-09-19,0.0028725333935239,-1.0653336661948735e-05,test
2024-09-20,0.0008959771229262,-1.0653336661948735e-05,test
2024-09-23,-0.0042180901670564,-1.0653336661948735e-05,test
2024-09-24,0.0012583140254578,-1.0653336661948735e-05,test
2024-09-25,0.0054642497225975,-1.0653336661948735e-05,test
2024-09-26,-0.003490092584672,-1.0653336661948735e-05,test
2024-09-27,0.0002689015388408,-1.0653336661948735e-05,test
2024-09-30,0.0033998422298705,-1.0653336661948735e-05,test
2024-10-01,-0.009873520655594,-1.0653336661948735e-05,test
2024-10-02,-0.0013539741202831,-1.0050733844003792e-05,test
2024-10-03,-0.002894619841115,-1.0050733844003792e-05,test
2024-10-04,-0.0009062897122048,-1.0050733844003792e-05,test
2024-10-07,-0.0042705984673289,-1.0050733844003792e-05,test
2024-10-08,0.0,-1.0050733844003792e-05,test
2024-10-09,-0.0022790474334248,-1.0050733844003792e-05,test
2024-10-10,-0.0022842533574346,-1.0050733844003792e-05,test
2024-10-11,0.0005486968587594,-1.0050733844003792e-05,test
2024-10-14,-0.0021049749226739,-1.0050733844003792e-05,test
2024-10-15,-0.0011000092776623,-1.0050733844003792e-05,test
2024-10-16,-0.0005504587294957,-1.0050733844003792e-05,test
2024-10-17,-0.0028488738654176,-1.0050733844003792e-05,test
2024-10-18,-0.0017501040712508,-1.0050733844003792e-05,test
2024-10-21,0.0005529954057973,-1.0050733844003792e-05,test
2024-10-22,-0.0029528488743661,-1.0050733844003792e-05,test
2024-10-23,-0.0050027897559317,-1.0050733844003792e-05,test
2024-10-24,0.0031528216027572,-1.0050733844003792e-05,test
2024-10-25,0.0022195514522164,-1.0050733844003792e-05,test
2024-10-28,-0.0006468604393182,-1.0050733844003792e-05,test
2024-10-29,-0.0040755891908933,-1.0050733844003792e-05,test
2024-10-30,0.0037982351466801,-1.1235334075467732e-05,test
2024-10-31,0.0061759886587116,-1.1235334075467732e-05,test
2024-11-01,0.0002756466227771,-1.1235334075467732e-05,test
2024-11-04,0.0017439997077207,-1.1235334075467732e-05,test
2024-11-05,-0.0006421723994826,-1.1235334075467732e-05,test
2024-11-06,-0.01871117946038,-1.1235334075467732e-05,test
2024-11-07,0.0083799373067509,-1.1235334075467732e-05,test
2024-11-08,-0.0012061048917672,-1.1235334075467732e-05,test
2024-11-11,-0.0112963904883238,-1.1235334075467732e-05,test
2024-11-12,-0.0031972944295924,-1.1235334075467732e-05,test
2024-11-13,0.0011296245200084,-1.1235334075467732e-05,test
2024-11-14,-0.0090729286970398,-1.1235334075467732e-05,test
2024-11-15,0.0047357542571826,-1.1235334075467732e-05,test
2024-11-18,-0.002933524696574,-1.1235334075467732e-05,test
2024-11-19,0.0024609572287747,-1.1235334075467732e-05,test
2024-11-20,-0.0015137183590467,-1.1235334075467732e-05,test
2024-11-21,-0.0034142673531542,-1.1235334075467732e-05,test
2024-11-22,-0.0108893997992683,-1.1235334075467732e-05,test
2024-11-25,0.0079399661402774,-1.1235334075467732e-05,test
2024-11-26,0.0025693500360192,-1.1235334075467732e-05,test
2024-11-27,0.0008549850898444,-1.656629576874018e-05,test
2024-11-28,0.0010439900345551,-1.656629576874018e-05,test
2024-11-29,0.0018953758517262,-1.656629576874018e-05,test
2024-12-02,-0.0052209525781032,-1.656629576874018e-05,test
2024-12-03,0.0004757600356164,-1.656629576874018e-05,test
2024-12-04,-0.0019043997376274,-1.656629576874018e-05,test
2024-12-05,0.0045644811085892,-1.656629576874018e-05,test
2024-12-06,0.0038823968088083,-1.656629576874018e-05,test
2024-12-09,-0.0012293727020004,-1.656629576874018e-05,test
2024-12-10,-0.0038871819508364,-1.656629576874018e-05,test
2024-12-11,-0.0019016835625496,-1.656629576874018e-05,test
2024-12-12,-0.0015239549572897,-1.656629576874018e-05,test
2024-12-13,0.0025703284178041,-1.656629576874018e-05,test
2024-12-16,-0.0019033123370443,-1.656629576874018e-05,test
2024-12-17,-9.526077644732876e-05,-1.656629576874018e-05,test
2024-12-18,-9.526985192748056e-05,-1.656629576874018e-05,test
2024-12-19,-0.009669310891757,-1.656629576874018e-05,test
2024-12-20,-0.0004811161988403,-1.656629576874018e-05,test
2024-12-23,0.0002886974951485,-1.656629576874018e-05,test
2024-12-24,0.0001924187036918,-1.656629576874018e-05,test
2024-12-27,0.0038406192191877,-1.6868520529986124e-05,test
2024-12-30,0.0008621103077183,-1.6868520529986124e-05,test
2024-12-31,-0.0052800967484879,-1.6868520529986124e-05,test
2025-01-02,-0.0065668995045982,-1.6868520529986124e-05,test
2025-01-03,-0.0021338514401315,-1.6868520529986124e-05,test
2025-01-06,0.0122558832022494,-1.6868520529986124e-05,test
2025-01-07,-0.0031701837396295,-1.6868520529986124e-05,test
2025-01-08,-0.01034875525356,-1.6868520529986124e-05,test
2025-01-09,0.0018454669896979,-1.6868520529986124e-05,test
2025-01-10,-9.70449804245487e-05,-1.6868520529986124e-05,test
2025-01-13,-0.0103405467290336,-1.6868520529986124e-05,test
2025-01-14,0.0045981590578991,-1.6868520529986124e-05,test
2025-01-15,0.0053541135447271,-1.6868520529986124e-05,test
2025-01-16,-0.0027221482879848,-1.6868520529986124e-05,test
2025-01-17,0.0025279546763443,-1.6868520529986124e-05,test
2025-01-20,0.0017463863951487,-1.6868520529986124e-05,test
2025-01-21,0.0039665315876435,-1.6868520529986124e-05,test
2025-01-22,0.0082692778906696,-1.6868520529986124e-05,test
2025-01-23,-0.0037415499110064,-1.6868520529986124e-05,test
2025-01-24,0.0065146810211936,-1.6868520529986124e-05,test
2025-01-27,0.0055232975382854,-1.687016605147816e-05,test
2025-01-28,-0.0104053251355935,-1.687016605147816e-05,test
2025-01-29,-0.0024018842310465,-1.687016605147816e-05,test
2025-01-30,0.0006731093095142,-1.687016605147816e-05,test
2025-01-31,-0.0009617234824736,-1.687016605147816e-05,test
2025-02-03,-0.0115160705612083,-1.687016605147816e-05,test
2025-02-04,0.0059197610886554,-1.687016605147816e-05,test
2025-02-05,0.0083827633532911,-1.687016605147816e-05,test
2025-02-06,-0.0059667196556858,-1.687016605147816e-05,test
2025-02-07,0.0016395817918044,-1.687016605147816e-05,test
2025-02-10,-0.0055080585697246,-1.687016605147816e-05,test
2025-02-11,0.0003875218029508,-1.687016605147816e-05,test
2025-02-12,0.0044457403850684,-1.687016605147816e-05,test
2025-02-13,0.0019267828697001,-1.687016605147816e-05,test
2025-02-14,0.008434015874892,-1.687016605147816e-05,test
2025-02-17,-0.0004773041950195,-1.687016605147816e-05,test
2025-02-18,-0.0024856609356377,-1.687016605147816e-05,test
2025-02-19,-0.0012451512551697,-1.687016605147816e-05,test
2025-02-20,0.0008621928972105,-1.687016605147816e-05,test
2025-02-21,0.0021044584005515,-1.687016605147816e-05,test
2025-02-24,9.555205205303598e-05,-1.689323267295858e-05,test
2025-02-25,0.0029575941036447,-1.689323267295858e-05,test
2025-02-26,-0.0009531072013926,-1.689323267295858e-05,test
2025-02-27,-0.0009540164814401,-1.689323267295858e-05,test
2025-02-28,-0.0063194388782122,-1.689323267295858e-05,test
2025-03-03,0.0051734164053473,-1.689323267295858e-05,test
2025-03-04,0.0087527911095949,-1.689323267295858e-05,test
2025-03-05,0.0128936895189818,-1.689323267295858e-05,test
2025-03-06,0.0094928586292183,-1.689323267295858e-05,test
2025-03-07,0.005634338093957,-1.689323267295858e-05,test
2025-03-10,-0.0011058889708774,-1.689323267295858e-05,test
2025-03-11,0.0061589568222685,-1.689323267295858e-05,test
2025-03-12,-0.0023855410890979,-1.689323267295858e-05,test
2025-03-13,-0.005157498999109,-1.689323267295858e-05,test
2025-03-14,0.0054330443510246,-1.689323267295858e-05,test
2025-03-17,0.0012848753603209,-1.689323267295858e-05,test
2025-03-18,0.0013748226353211,-1.689323267295858e-05,test
2025-03-19,-0.001925281364817,-1.689323267295858e-05,test
2025-03-20,-0.0058904910313186,-1.689323267295858e-05,test
2025-03-21,-0.000554016634669,-1.689323267295858e-05,test
2025-03-24,-0.0002771234602742,-1.1889221264897783e-05,test
2025-03-25,9.238302006654432e-05,-1.1889221264897783e-05,test
2025-03-26,-0.00342386861107,-1.1889221264897783e-05,test
2025-03-27,-0.0002781254363638,-1.1889221264897783e-05,test
2025-03-28,0.0011120379238837,-1.1889221264897783e-05,test
2025-03-31,0.0016657416400185,-1.1889221264897783e-05,test
2025-04-01,-0.0024996541275385,-1.1889221264897783e-05,test
2025-04-02,0.0013894680573644,-1.1889221264897783e-05,test
2025-04-03,0.0268509281835785,-1.1889221264897783e-05,test
2025-04-04,-0.0036110899581618,-1.1889221264897783e-05,test
2025-04-07,-0.0081729477821928,-1.1889221264897783e-05,test
2025-04-08,-0.001551307515562,-1.1889221264897783e-05,test
2025-04-09,0.0086383806095707,-1.1889221264897783e-05,test
2025-04-10,0.0033443335730775,-1.1889221264897783e-05,test
2025-04-11,0.0235430884592174,-1.1889221264897783e-05,test
2025-04-14,0.0027285146532039,-1.1889221264897783e-05,test
2025-04-15,-0.0046694063079262,-1.1889221264897783e-05,test
2025-04-16,0.0027338083078684,-1.1889221264897783e-05,test
2025-04-17,0.0004402377354835,-1.1889221264897783e-05,test
2025-04-22,0.0101594848261131,-1.1889221264897783e-05,test
2025-04-23,-0.0053296181373594,-5.6001892954329795e-06,test
2025-04-24,-0.0034224069208738,-5.6001892954329795e-06,test
2025-04-25,-0.0016715791513757,-5.6001892954329795e-06,test
2025-04-28,8.80475457315795e-05,-5.6001892954329795e-06,test
2025-04-29,0.0013197837470667,-5.6001892954329795e-06,test
2025-04-30,0.0,-5.6001892954329795e-06,test
2025-05-02,-0.0026413116254018,-5.6001892954329795e-06,test
2025-05-05,0.0,-5.6001892954329795e-06,test
2025-05-06,-0.0015881422078077,-5.6001892954329795e-06,test
2025-05-07,0.0030857419239073,-5.6001892954329795e-06,test
2025-05-08,-0.0055612095482135,-5.6001892954329795e-06,test
2025-05-09,-0.0039913131171812,-5.6001892954329795e-06,test
2025-05-12,-0.0130603878081948,-5.6001892954329795e-06,test
2025-05-13,0.000540102632627,-5.6001892954329795e-06,test
2025-05-14,0.0091373922494381,-5.6001892954329795e-06,test
2025-05-15,-0.0025894027593877,-5.6001892954329795e-06,test
2025-05-16,0.0008043255270748,-5.6001892954329795e-06,test
2025-05-19,0.006056306363259,-5.6001892954329795e-06,test
2025-05-20,-0.0018664183527667,-5.6001892954329795e-06,test
2025-05-21,0.0070915996163123,-5.6001892954329795e-06,test
2025-05-22,-0.0010605392067824,-5.5142319395339505e-06,test
2025-05-23,-0.0007076515111761,-5.5142319395339505e-06,test
2025-05-26,0.0070540809217387,-5.5142319395339505e-06,test
2025-05-27,-0.0021990596890279,-5.5142319395339505e-06,test
2025-05-28,-0.0034402186269202,-5.5142319395339505e-06,test
2025-05-29,-0.003186125361021,-5.5142319395339505e-06,test
2025-05-30,0.0051282163669193,-5.5142319395339505e-06,test
2025-06-02,0.0070305237298083,-5.5142319395339505e-06,test
2025-06-03,-0.0028941041906207,-5.5142319395339505e-06,test
2025-06-04,-0.0001756697413388,-5.5142319395339505e-06,test
2025-06-05,0.0034200059642587,-5.5142319395339505e-06,test
2025-06-06,-0.0010510642992675,-5.5142319395339505e-06,test
2025-06-09,-8.763857855837932e-05,-5.5142319395339505e-06,test
2025-06-10,0.0016638210414765,-5.5142319395339505e-06,test
2025-06-11,0.0003499256443719,-5.5142319395339505e-06,test
2025-06-12,0.0139838123577083,-5.5142319395339505e-06,test
2025-06-13,-0.0070977533324744,-5.5142319395339505e-06,test
2025-06-16,0.0053712335665804,-5.5142319395339505e-06,test
2025-06-17,-0.0005185377352381,-5.5142319395339505e-06,test
2025-06-18,-0.0052002197271073,-5.5142319395339505e-06,test
2025-06-19,-0.0026102860031307,-4.458722522850979e-06,test
2025-06-20,0.0032183735864777,-4.458722522850979e-06,test
2025-06-23,-0.0037412494153839,-4.458722522850979e-06,test
2025-06-24,0.0116990805292211,-4.458722522850979e-06,test
2025-06-25,-0.0007756949322368,-4.458722522850979e-06,test
2025-06-26,0.0083287305818935,-4.458722522850979e-06,test
2025-06-27,0.0007692636816809,-4.458722522850979e-06,test
2025-06-30,0.0013661204310432,-4.458722522850979e-06,test
2025-07-01,0.0076498460604045,-4.458722522850979e-06,test
2025-07-02,-0.0046679482172381,-4.458722522850979e-06,test
2025-07-03,0.0022942611074626,-4.458722522850979e-06,test
2025-07-04,-0.0012739396177036,-4.458722522850979e-06,test
2025-07-07,-0.0033198583374961,-4.458722522850979e-06,test
2025-07-08,-0.0008530240216989,-4.458722522850979e-06,test
2025-07-09,-0.0017082341017628,-4.458722522850979e-06,test
2025-07-10,0.0009398898457537,-4.458722522850979e-06,test
2025-07-11,-0.0022229831315764,-4.458722522850979e-06,test
2025-07-14,0.0005989817489659,-4.458722522850979e-06,test
2025-07-15,-0.0021408700105837,-4.458722522850979e-06,test
2025-07-16,-0.0054154084295208,-4.458722522850979e-06,test
2025-07-17,-0.0019843844137365,-3.330598059969982e-06,test
2025-07-18,0.0061130673815737,-3.330598059969982e-06,test
2025-07-21,0.0014581638300103,-3.330598059969982e-06,test
2025-07-22,0.0027390242237445,-3.330598059969982e-06,test
2025-07-23,0.002305230476559,-3.330598059969982e-06,test
2025-07-24,0.0025551500146474,-3.330598059969982e-06,test
2025-07-25,-0.0027257257080248,-3.330598059969982e-06,test
2025-07-28,-0.0059885541277636,-3.330598059969982e-06,test
2025-07-29,-0.0104369774770807,-3.330598059969982e-06,test
2025-07-30,-0.000520381624926,-3.330598059969982e-06,test
2025-07-31,-0.0070517856319649,-3.330598059969982e-06,test
2025-08-01,-0.0036761529364849,-3.330598059969982e-06,test
2025-08-04,0.0140191246329768,-3.330598059969982e-06,test
2025-08-05,-0.0016442390446606,-3.330598059969982e-06,test
2025-08-06,0.0050108096204157,-3.330598059969982e-06,test
2025-08-07,0.0033552747957212,-3.330598059969982e-06,test
2025-08-08,0.0004293503994513,-3.330598059969982e-06,test
2025-08-11,-0.0022346378014164,-3.330598059969982e-06,test
2025-08-12,-0.0013776478844971,-3.330598059969982e-06,test
2025-08-13,0.0090063652915835,-3.330598059969982e-06,test
2025-08-14,-0.0017947955760232,-2.507440721506324e-06,test
2025-08-15,-0.0001711010355786,-2.507440721506324e-06,test
2025-08-18,-0.0012841917778721,-2.507440721506324e-06,test
2025-08-19,0.0007707129475913,-2.507440721506324e-06,test
2025-08-20,-0.0026571823803134,-2.507440721506324e-06,test
2025-08-21,-0.0010304852779648,-2.507440721506324e-06,test
2025-08-22,-0.0026670123779524,-2.507440721506324e-06,test
2025-08-25,0.0076378830866832,-2.507440721506324e-06,test
2025-08-26,-0.0035113297756662,-2.507440721506324e-06,test
2025-08-27,-0.0054196012046393,-2.507440721506324e-06,test
2025-08-28,0.0071339853036039,-2.507440721506324e-06,test
2025-08-29,-0.0015428133685102,-2.507440721506324e-06,test
2025-09-01,0.004877432336401,-2.507440721506324e-06,test
2025-09-02,-0.0059072985448307,-2.507440721506324e-06,test
2025-09-03,0.000600884176198,-2.507440721506324e-06,test
2025-09-04,-0.0005150214706114,-2.507440721506324e-06,test
2025-09-05,0.004283762548055,-2.507440721506324e-06,test
2025-09-08,0.0026467464757258,-2.507440721506324e-06,test
2025-09-09,0.0013633267278641,-2.507440721506324e-06,test
2025-09-10,-0.0031555183746244,-2.507440721506324e-06,test
2025-09-11,-0.001880985506714,-1.7185265976749624e-06,test
2025-09-12,0.0028201531317753,-1.7185265976749624e-06,test
2025-09-15,0.0040878953196673,-1.7185265976749624e-06,test
2025-09-16,0.0034785594827084,-1.7185265976749624e-06,test
2025-09-17,0.0025376430467836,-1.7185265976749624e-06,test
2025-09-18,-0.0016064260482736,-1.7185265976749624e-06,test
2025-09-19,-0.0069627520828022,-1.7185265976749624e-06,test
2025-09-22,0.0038270234233015,-1.7185265976749624e-06,test
2025-09-23,0.0010180708438507,-1.7185265976749624e-06,test
2025-09-24,-0.0031423865511621,-1.7185265976749624e-06,test
2025-09-25,-0.0014471166602858,-1.7185265976749624e-06,test
2025-09-26,-0.0057238206759004,-1.7185265976749624e-06,test
2025-09-29,0.0043599128692066,-1.7185265976749624e-06,test
2025-09-30,0.0015342655583836,-1.7185265976749624e-06,test
2025-10-01,-0.0014489667994286,-1.7185265976749624e-06,test
2025-10-02,0.0025555853418126,-1.7185265976749624e-06,test
2025-10-03,-0.0017029976867905,-1.7185265976749624e-06,test
2025-10-06,-0.0047838806423223,-1.7185265976749624e-06,test
2025-10-07,-0.0010281015298999,-1.7185265976749624e-06,test
2025-10-08,-0.0033486486449747,-1.7185265976749624e-06,test
2025-10-09,-0.001377055041602,-1.5375187440312287e-06,test
2025-10-10,-0.0037102592284601,-1.5375187440312287e-06,test
2025-10-13,8.644163034297239e-05,-1.5375187440312287e-06,test
2025-10-14,-0.0013839635458703,-1.5375187440312287e-06,test
2025-10-15,0.0059547101520322,-1.5375187440312287e-06,test
2025-10-16,0.0023204857647261,-1.5375187440312287e-06,test
2025-10-17,0.0027432507559191,-1.5375187440312287e-06,test
2025-10-20,-0.0022283176858385,-1.5375187440312287e-06,test
2025-10-21,-0.0041269081012347,-1.5375187440312287e-06,test
2025-10-22,-0.0017245843715603,-1.5375187440312287e-06,test
2025-10-23,0.0005176876733389,-1.5375187440312287e-06,test
2025-10-24,0.0016375784741189,-1.5375187440312287e-06,test
2025-10-27,0.0024083961409082,-1.5375187440312287e-06,test
2025-10-28,-0.0008594757727185,-1.5375187440312287e-06,test
2025-10-29,0.000515774102382,-1.5375187440312287e-06,test
2025-10-30,-0.0074183036651525,-1.5375187440312287e-06,test
2025-10-31,0.0003462603912712,-1.5375187440312287e-06,test
2025-11-03,-0.0034680111054559,-1.5375187440312287e-06,test
2025-11-04,-0.0019995659781212,-1.5375187440312287e-06,test
2025-11-05,8.702084154634836e-05,-1.5375187440312287e-06,test
2025-11-06,0.0035613501267585,-1.8309727083068358e-06,test
2025-11-07,0.0024248734493828,-1.8309727083068358e-06,test
2025-11-10,0.0008646032010158,-1.8309727083068358e-06,test
2025-11-11,0.0003456320780973,-1.8309727083068358e-06,test
2025-11-12,8.638935688490015e-05,-1.8309727083068358e-06,test
2025-11-13,0.003707699871542,-1.8309727083068358e-06,test
2025-11-14,0.0024928022536053,-1.8309727083068358e-06,test
2025-11-17,-0.0047330237660657,-1.8309727083068358e-06,test
2025-11-18,-0.0002588103366039,-1.8309727083068358e-06,test
2025-11-19,-0.0006041514014513,-1.8309727083068358e-06,test
2025-11-20,-0.0059748196965912,-1.8309727083068358e-06,test
2025-11-21,0.0005209690141271,-1.8309727083068358e-06,test
2025-11-24,0.0020811662038246,-1.8309727083068358e-06,test
2025-11-25,0.0006061918349733,-1.8309727083068358e-06,test
2025-11-26,0.0022483579170481,-1.8309727083068358e-06,test
2025-11-27,0.000777101450841,-1.8309727083068358e-06,test
2025-11-28,-0.0017277129384058,-1.8309727083068358e-06,test
2025-12-01,0.0068930136789016,-1.8309727083068358e-06,test
2025-12-02,-0.0027515064650701,-1.8309727083068358e-06,test
2025-12-03,0.0046387850556168,-1.8309727083068358e-06,test
2025-12-04,-0.0001714236740291,-1.38672613365036e-06,test
2025-12-05,-0.0018017249951414,-1.38672613365036e-06,test
2025-12-08,0.000858369151416,-1.38672613365036e-06,test
2025-12-09,-0.0015455953617807,-1.38672613365036e-06,test
2025-12-10,-0.00025783163737,-1.38672613365036e-06,test
2025-12-11,0.0068528621790208,-1.38672613365036e-06,test
2025-12-12,0.0014502028559927,-1.38672613365036e-06,test
2025-12-15,0.0018736166271337,-1.38672613365036e-06,test
2025-12-16,0.0019550348358032,-1.38672613365036e-06,test
2025-12-17,-0.004596143932283,-1.38672613365036e-06,test
2025-12-18,-0.0002559617777721,-1.38672613365036e-06,test
2025-12-19,-0.0005974990575094,-1.38672613365036e-06,test
2025-12-22,0.0028136608919203,-1.38672613365036e-06,test
2025-12-23,0.0034847683048454,-1.38672613365036e-06,test
2025-12-24,8.484282871088672e-05,-1.38672613365036e-06,test
2025-12-29,-0.0017832128021681,-1.38672613365036e-06,test
2025-12-30,-0.0007652085566601,-1.38672613365036e-06,test
2025-12-31,-0.000595567295436,-1.38672613365036e-06,test
2026-01-02,-0.0024711358491248,-1.38672613365036e-06,test
2026-01-05,-0.0048749294747406,-1.38672613365036e-06,test
2026-01-06,0.003679778231233,-1.25884692201989e-06,test
2026-01-07,-0.0019665689720408,-1.25884692201989e-06,test
2026-01-08,-0.0007705809705336,-1.25884692201989e-06,test
2026-01-09,-0.0028305547054173,-1.25884692201989e-06,test
2026-01-12,0.0042855983994558,-1.25884692201989e-06,test
2026-01-13,-0.003255378528117,-1.25884692201989e-06,test
2026-01-14,-0.0002574554830783,-1.25884692201989e-06,test
2026-01-15,-0.0023200869698221,-1.25884692201989e-06,test
2026-01-16,-0.0006023837366441,-1.25884692201989e-06,test
2026-01-19,0.001204404825564,-1.25884692201989e-06,test
2026-01-20,0.008305197787394,-1.25884692201989e-06,test
2026-01-21,0.0009374867520892,-1.25884692201989e-06,test
2026-01-22,-0.0028151010273558,-1.25884692201989e-06,test
2026-01-23,0.0030706267729647,-1.25884692201989e-06,test
2026-01-26,0.007973576895969,-1.25884692201989e-06,test
2026-01-27,0.0078266757618457,-1.25884692201989e-06,test
2026-01-28,0.0037652222033514,-1.25884692201989e-06,test
2026-01-29,-0.0005012112710388,-1.25884692201989e-06,test
2026-01-30,-0.0041026557315498,-1.25884692201989e-06,test
2026-02-02,-0.0066501360447119,-1.25884692201989e-06,test
2026-02-03,-0.0032993558122479,-1.0454259427873297e-07,test
2026-02-04,0.0016087383343405,-1.0454259427873297e-07,test
2026-02-05,-0.0018629863970685,-1.0454259427873297e-07,test
2026-02-06,-0.000339098002571,-1.0454259427873297e-07,test
2026-02-09,0.0077703093661564,-1.0454259427873297e-07,test
2026-02-10,0.0006728343399329,-1.0454259427873297e-07,test
2026-02-11,0.0005043288330816,-1.0454259427873297e-07,test
2026-02-12,-0.0021872642689999,-1.0454259427873297e-07,test
2026-02-13,-0.0010111224319488,-1.0454259427873297e-07,test
2026-02-16,-0.0005902938991659,-1.0454259427873297e-07,test
2026-02-17,-0.0024492221187305,-1.0454259427873297e-07,test
2026-02-18,0.0016053402121107,-1.0454259427873297e-07,test
2026-02-19,-0.0077973104600318,-1.0454259427873297e-07,test
2026-02-20,0.0011904763310748,-1.0454259427873297e-07,test
2026-02-23,0.0014436756785371,-1.0454259427873297e-07,test
2026-02-24,-0.0005942023009176,-1.0454259427873297e-07,test
2026-02-25,0.0005942023009176,-1.0454259427873297e-07,test
2026-02-26,0.0025425897247143,-1.0454259427873297e-07,test
2026-02-27,-0.0007620983475671,-1.0454259427873297e-07,test
2026-03-02,-0.0091052835166423,-1.0454259427873297e-07,test
2026-03-03,-0.0078956812524174,-1.4090141326272309e-07,test
2026-03-04,0.0036981336492233,-1.4090141326272309e-07,test
2026-03-05,-0.0026647198472993,-1.4090141326272309e-07,test
2026-03-06,-0.0049182548771561,-1.4090141326272309e-07,test
2026-03-09,-0.0005191209668405,-1.4090141326272309e-07,test
2026-03-10,0.0074151055397599,-1.4090141326272309e-07,test
2026-03-11,-0.0051675250638633,-1.4090141326272309e-07,test
2026-03-12,-0.0029401612325217,-1.4090141326272309e-07,test
2026-03-13,-0.0061677648506005,-1.4090141326272309e-07,test
2026-03-16,0.0001742615670525,-1.4090141326272309e-07,test
2026-03-17,0.0046069011028085,-1.4090141326272309e-07,test
2026-03-18,-0.0026920254197749,-1.4090141326272309e-07,test
2026-03-19,-0.0009569794979764,-1.4090141326272309e-07,test
2026-03-20,0.0057281878551162,-1.4090141326272309e-07,test
2026-03-23,0.0035419673330649,-1.4090141326272309e-07,test
2026-03-24,-0.0020718239455203,-1.4090141326272309e-07,test
2026-03-25,0.0017268179044926,-1.4090141326272309e-07,test
2026-03-26,-0.0045826028058506,-1.4090141326272309e-07,test
2026-03-27,-0.0019083975257602,-1.4090141326272309e-07,test
2026-03-30,-0.0028694424279527,-1.4090141326272309e-07,test
2026-03-31,0.0012183449422815,-9.396211504196067e-07,test
2026-04-01,0.0092629325253013,-9.396211504196067e-07,test
2026-04-02,-0.0069174508436881,-9.396211504196067e-07,test
2026-04-07,0.0027727251105918,-9.396211504196067e-07,test
2026-04-08,0.012810216875725,-9.396211504196067e-07,test
2026-04-09,-0.0017955628782078,-9.396211504196067e-07,test
2026-04-10,0.0022226030691789,-9.396211504196067e-07,test
2026-04-13,-0.0023081865345055,-9.396211504196067e-07,test
2026-04-14,0.0092857505823382,-9.396211504196067e-07,test
2026-04-15,-0.0011029568843923,-9.396211504196067e-07,test
2026-04-16,0.000169764876055,-9.396211504196067e-07,test
2026-04-17,0.0012723187602098,-9.396211504196067e-07,test
2026-04-20,-0.0031413193892246,-9.396211504196067e-07,test
2026-04-21,0.0005950610113112,-9.396211504196067e-07,test
2026-04-22,-0.0028936190403051,-9.396211504196067e-07,test
2026-04-23,-0.003329494688008,-9.396211504196067e-07,test
2026-04-24,0.001538067465477,-9.396211504196067e-07,test
2026-04-27,0.0031541733664797,-9.396211504196067e-07,test
2026-04-28,-0.0058901531853546,-9.396211504196067e-07,test
2026-04-29,0.0022235534689481,-9.396211504196067e-07,test
2026-04-30,-0.0003417635029849,-8.117811842563683e-07,test
2026-05-04,-0.0001709255623339,-8.117811842563683e-07,test
2026-05-05,-0.001197297671465,-8.117811842563683e-07,test
2026-05-06,0.0064824519055187,-8.117811842563683e-07,test
2026-05-07,0.0006799252344212,-8.117811842563683e-07,test
2026-05-08,-0.0007649484032858,-8.117811842563683e-07,test
2026-05-11,0.0003400493104263,-8.117811842563683e-07,test
2026-05-12,-0.0022975800431831,-8.117811842563683e-07,test
2026-05-13,-0.0019613701763837,-8.117811842563683e-07,test
2026-05-14,-0.0011103045937146,-8.117811842563683e-07,test
2026-05-15,-0.0063437846694147,-8.117811842563683e-07,test
2026-05-18,0.0017185087577006,-8.117811842563683e-07,test
2026-05-19,-0.002406740030565,-8.117811842563683e-07,test
2026-05-20,-0.0017226533114461,-8.117811842563683e-07,test
2026-05-21,-8.621061257977223e-05,-8.117811842563683e-07,test
2026-05-22,-0.0003449167922441,-8.117811842563683e-07,test
2026-05-25,0.0041311703473839,-8.117811842563683e-07,test
2026-05-26,-0.0007732955663091,-8.117811842563683e-07,test
2026-05-27,0.0002578316373699,-8.117811842563683e-07,test
2026-05-28,-0.001720134594602,-8.117811842563683e-07,test
2026-05-29,0.002321483352039,-1.1235673686155502e-06,test
2026-06-01,0.0001717475315514,-1.1235673686155502e-06,test
2026-06-02,0.0002575660027116,-1.1235673686155502e-06,test
2026-06-03,-0.0030090724677818,-1.1235673686155502e-06,test
2026-06-04,0.0022361753534334,-1.1235673686155502e-06,test
2026-06-05,0.0,-1.1235673686155502e-06,test
2026-06-08,-0.0086281812233382,-1.1235673686155502e-06,test
2026-06-09,0.0028555377859873,-1.1235673686155502e-06,test
2026-06-10,-0.0029421966534101,-1.1235673686155502e-06,test
2026-06-11,-0.000173340267378,-1.1235673686155502e-06,test
2026-06-12,0.0025969543681119,-1.1235673686155502e-06,test
2026-06-15,0.003452148073221,-1.1235673686155502e-06,test
2026-06-16,-0.0011206414689445,-1.1235673686155502e-06,test
2026-06-17,-0.0002587880109331,-1.1235673686155502e-06,test
2026-06-18,-0.0112789673920459,-1.1235673686155502e-06,test
2026-06-19,0.0005233775416052,-1.1235673686155502e-06,test
2026-06-22,-0.0009597348378775,-1.1235673686155502e-06,test
2026-06-23,-0.0056022555486697,-1.1235673686155502e-06,test
2026-06-24,-0.004575056370014,-1.1235673686155502e-06,test
2026-06-25,0.0001763512922304,-1.1235673686155502e-06,test
2026-06-26,0.0051884212597462,-1.4316181675717188e-06,test
2026-06-29,0.0004384618827644,-1.4316181675717188e-06,test
2026-06-30,-0.0010526316761433,-1.4316181675717188e-06,test
2026-07-01,-0.0009658867151241,-1.4316181675717188e-06,test
2026-07-02,0.0014046179115616,-1.4316181675717188e-06,test
2026-07-03,0.0042894099995084,-1.4316181675717188e-06,test
2026-07-06,-0.002886762272391,-1.4316181675717188e-06,test
2026-07-07,0.001575630578074,-1.4316181675717188e-06,test
2026-07-08,-0.0025397395094071,-1.4316181675717188e-06,test
2026-07-09,0.0027146564243186,-1.4316181675717188e-06,test
2026-07-10,-0.000437349668025,-1.4316181675717188e-06,test
2026-07-13,-0.0005250722094906,-1.4316181675717188e-06,test
2026-07-14,-0.0016645498608772,-1.4316181675717188e-06,test
2026-07-15,8.76769979957248e-05,-1.4316181675717188e-06,test
2026-07-16,0.0053338123218202,-1.4316181675717188e-06,test
2026-07-17,-0.0027945175814229,-1.4316181675717188e-06,test
2026-07-20,-0.0007873671724735,-1.4316181675717188e-06,test
2026-07-21,-0.0007004027602034,-1.4316181675717188e-06,test
2026-07-22,-0.0008761938701272,-1.4316181675717188e-06,test
2026-07-23,-0.0014035090023201,-1.4316181675717188e-06,test
2026-07-24,-0.0013175811120405,-2.6921499063006205e-06,test
2026-07-27,0.0010542037346346,-2.6921499063006205e-06,test
2026-07-28,-0.0019335565876405,-2.6921499063006205e-06,test
2026-07-29,0.0011430079936111,-2.6921499063006205e-06,test
2026-07-30,0.0084004694209336,-2.6921499063006205e-06,test
2026-07-31,0.0007839380219433,-2.6921499063006205e-06,test
2026-08-03,0.0043440554846553,-2.6921499063006205e-06,test
2026-08-04,-0.0017353583530684,-2.6921499063006205e-06,test
2026-08-05,0.0033811640864252,-2.6921499063006205e-06,test
2026-08-06,-0.0010391410702992,-2.6921499063006205e-06,test
2026-08-07,-0.0006066646630576,-2.6921499063006205e-06,test
2026-08-10,0.0017323521006269,-2.6921499063006205e-06,test
2026-08-11,-0.0012989826463906,-2.6921499063006205e-06,test
2026-08-12,0.0004331817265052,-2.6921499063006205e-06,test
2026-08-13,-0.0009532476132379,-2.6921499063006205e-06,test
2026-08-14,0.0028570211200436,-2.6921499063006205e-06,test
2026-08-17,0.0022452513749997,-2.6921499063006205e-06,test
2026-08-18,-0.0014674783590816,-2.6921499063006205e-06,test
2026-08-19,0.0025020503972177,-2.6921499063006205e-06,test
2026-08-20,0.0065275504471585,-2.6921499063006205e-06,test
2026-08-21,0.0015397778919054,-2.0592791289447962e-06,test
2026-08-24,-0.0029961927991619,-2.0592791289447962e-06,test
2026-08-25,-0.0001714824663382,-2.0592791289447962e-06,test
2026-08-26,0.0006000600240061,-2.0592791289447962e-06,test
2026-08-27,-0.0020588494876658,-2.0592791289447962e-06,test
2026-08-28,-0.0001717622814254,-2.0592791289447962e-06,test
2026-08-31,-0.0040449299954697,-2.0592791289447962e-06,test
2026-09-01,-0.0005175537077486,-2.0592791289447962e-06,test
2026-09-02,-0.0010359116948475,-2.0592791289447962e-06,test
2026-09-03,0.0031906205655596,-2.0592791289447962e-06,test
2026-09-04,0.0006024874305413,-2.0592791289447962e-06,test
2026-09-07,0.0,-2.0592791289447962e-06,test
2026-09-08,-0.0006885867030556,-2.0592791289447962e-06,test
2026-09-09,0.0032665721473301,-2.0592791289447962e-06,test
2026-09-10,-0.0030943810147479,-2.0592791289447962e-06,test
